Name,tempo,beats,chroma_stft,rmse,spec_cent,spec_bw,rolloff,zcr,mfcc_1,mfcc_2,mfcc_3,mfcc_4,mfcc_5,mfcc_6,mfcc_7,mfcc_8,mfcc_9,mfcc_10,mfcc_11,label
Korn - Coming Undone (Official Music Video)-CSJXle3LP_Q.mp3,148.02631578947367,445,0.6107903748945128,0.06564692407846451,3063.018524578091,3124.944421559673,6261.895591372363,0.07109891173115668,148.57066811472154,-63.5476249846727,47.289754975740856,-2.592823272720269,33.04152555357831,-7.991027222899319,18.70153661292682,3.9416019368001307,1.9233888298979762,14.120893204578616,-4.767101818368082,Metal
Tool - Forty Six & 2 (Live DVD 2014)-j2in3ptL7cM.mp3,107.666015625,312,0.49922401559869434,0.1790998876094818,3690.545376780832,2901.288475271025,6567.407510007498,0.11547539773002129,116.72169623147357,-76.79745613038504,81.55443108722709,-3.440250664654198,25.072433253809113,-10.903918476387245,19.5012357880296,-6.864286458828151,2.347902376737387,4.304757232225162,-4.1527017222912965,Metal
JINJER - Pisces (Live Session) _ Napalm Records-SQNtGoM3FVU.mp3,140.625,414,0.538081565183011,0.2073250710964203,3059.7108292353328,3635.194016089555,6748.433426167338,0.05452709283894288,134.05783827898114,-20.987188004073747,49.27552372943101,0.717565556727017,31.393540522812934,-8.64545485045677,15.136856301689605,-2.030561620569974,8.346611712406299,-4.055061291739354,3.8497843799961124,Metal
Tool - Schism-UhjG47gtMCo.mp3,106.13207547169812,300,0.5591979799292922,0.19780732691287994,1987.1926183446444,2490.3319771348674,4010.638721409102,0.03691621515021332,169.43575549805854,-33.95746875796928,37.86448810107714,12.819139765843934,32.0883310629815,2.4044470747554456,12.188603697156902,0.8598015464646485,1.4858298563611096,6.031414824983415,-1.949735863854013,Metal
SABATON - Bismarck (Official Music Video)-oVWEb-At8yc.mp3,95.703125,263,0.5579839226638933,0.1296384185552597,2844.9038006155756,3055.425708940742,5855.8007018854005,0.0661641564777638,138.7241718373121,-30.678185392921304,42.758860330303044,-12.735513256155606,16.69956497068361,-3.4390253443743233,8.280310300863231,-1.888970849398723,7.544714504541862,4.539969612510374,2.507954671033177,Metal
Motionless in White - Disguise [OFFICIAL VIDEO]-cIEc_11Aydc.mp3,104.16666666666667,311,0.5190759717737742,0.2745501399040222,3272.0423300382736,3377.572632565545,6687.793964061389,0.07000950869578099,134.24056238772246,-52.388614196386946,28.843999521695263,-24.766524547876255,26.44077569083323,-11.389355395213725,11.372379797461718,-3.22105693807246,8.112392883163208,-2.2883419594152516,5.283652532617651,Metal
Volbeat - Still Counting (Live from Wacken Open Air 2017)-R24bCFcdJ8Y.mp3,95.703125,293,0.4951913566962401,0.19099915027618408,3097.6093846063654,3434.3002984017553,6590.946256560807,0.06831509459252451,141.68736360406106,-45.508559213123284,36.168263225383335,-11.290544789651786,24.690294740563328,-20.06343547580799,23.60646723934107,-7.539781862924976,12.929668237354399,-0.03255903984790231,5.279590733902648,Metal
Five Finger Death Punch - Far From Home (Official Audio)-dMHhiMxGLU0.mp3,137.1951219512195,414,0.45426626078466154,0.2232905626296997,2988.7767374896143,3378.657692039208,6546.525946610571,0.060155723410834916,147.37118706923775,-37.18476961716972,45.8510862235866,-15.370570000613636,35.06189660095365,-11.930183785756485,16.431869825573653,1.2788658145680387,5.823722569017866,5.090259640665236,-0.38229731490730734,Metal
"Metallica - Blackened (Detroit, MI - July 12, 2017)-LjDmfU4zB7o.mp3",100.44642857142857,232,0.5560785391882892,0.16384440660476685,2548.6253988959857,2761.2968104966603,5187.831461839299,0.05350935801026606,152.55120394294457,-53.299465660124,42.07665924508431,1.0633074814346284,20.581685171921322,-3.3170223570195674,5.083957976970499,-1.0504242894480367,2.4664931357836717,5.944791743680874,6.4827438340493915,Metal
Staind - Right Here [OFFICIAL VIDEO]-b4_bl8uTonQ.mp3,112.5,338,0.5247981732342331,0.059410225600004196,2398.1834682237763,2445.65798800974,4760.835931944774,0.0653177149687426,165.91847908605553,-56.45839482976743,58.92187007137002,8.014893446895979,19.79860436020371,6.478814831829299,-5.0875184376861915,17.85972760462039,-10.586071558909238,11.037113620798973,2.8763177380636695,Metal
Tool - Parabola-_z2O289Jemo.mp3,137.1951219512195,413,0.5756101176894531,0.1098102331161499,1018.8807307169308,1671.9969972650306,1814.9091164968002,0.018040684394628467,168.0655281346648,25.273967967651945,50.47812708859105,24.070096930719064,14.042534385617842,12.545696421824864,-2.453959051693569,7.039967404854848,-5.56576863662247,-1.338701345901041,4.946298956613042,Metal
Black Sabbath 'Iron Man'-5s7_WbiR79E.mp3,151.99908088235293,442,0.5430558091953042,0.03759743645787239,2471.541439697509,2900.7620774026004,5256.022384218387,0.0471155188278025,145.32080096571758,-39.51240134382928,65.29192741738008,4.820555676107791,22.354276314366153,-18.389517086533715,2.4048162367972776,8.030091794502628,14.0608023655986,11.073526662822218,1.2801597438102246,Metal
Chevelle - The Red-trinU3VD1Zo.mp3,140.625,410,0.5487994305488612,0.10912423580884933,3108.7288068796965,3304.887786843732,6737.292419708462,0.06588041310514932,147.4946467220994,-42.36167663262257,55.36137059494238,-10.022943596636827,31.072990646602825,-12.202458946018917,15.117144476313198,3.313966893969311,1.2691857450606256,8.043306612797478,-1.6353611408318605,Metal
Slipknot - All Out Life [OFFICIAL MUSIC VIDEO]-wLoYIBEZEfw.mp3,106.13207547169812,314,0.6065255385687087,0.25636401772499084,3462.287085076082,3427.4505857853196,7052.525128140554,0.0785127085061626,129.8776209966043,-42.834530059850984,55.65081059134713,-12.655709620081051,28.20147822936053,-8.900626199227936,17.285496970614766,-3.80190512852326,8.419130211084354,0.42870406681443274,3.271328028088292,Metal
Bring Me The Horizon - 'Shadow Moses' (Full Album Stream)-HJEahE-4juQ.mp3,143.5546875,392,0.5490508884713834,0.28473660349845886,2783.4334487175024,2915.6245090794155,5565.241347746953,0.06824278462412926,142.88643073960665,-51.34749401420192,45.979117732431305,-8.261829153936043,24.769945738341065,-7.636145477251668,10.386776478911486,0.5954400247743327,4.189835365262083,1.8654462885105831,3.882070593240635,Metal
Tool - Vicarious (Live DVD 2014)-GCmrLoYeO7E.mp3,117.1875,341,0.5401226952842223,0.17308999598026276,3466.636719966374,3165.2213766899827,6661.728841994548,0.09018733496348365,132.4070113864576,-67.98621614957712,62.49771113253604,-4.488070273223679,27.226081013958343,-9.92799798336985,22.583500874268992,-1.3938859486284572,-1.8344425258255421,8.164677792824968,-2.480257254117249,Metal
Faint (Official Video) - Linkin Park-LYU-8IFcDPw.mp3,135.99917763157896,364,0.4516832857223689,0.14945292472839355,3144.4717248011034,3184.069356892092,6289.960631119494,0.08235734571949235,130.08766032522107,-59.41892246440504,33.538140354401584,-20.690244481374656,22.282287274003885,-18.562706514254742,14.906249129925262,-7.894861903683356,5.843925013492235,-1.6669953799791286,-0.2889348489458927,Metal
Toto - Africa (metal cover by Leo Moracchioli feat. Rabea & Hannah)-MH9FyLsfDzw.mp3,105.46875,312,0.5262947395748558,0.2762642204761505,2799.6348881759222,3352.449723410056,6224.3262512395995,0.055248343169504645,147.50258514020203,-31.847906029224465,31.199908194521626,-12.41700596654766,26.211318687206614,-17.49851950486638,17.776559101275602,-0.26975047383013484,11.719698028041309,0.13463856215587583,4.669761642062648,Metal
IN THIS MOMENT - Whore (OFFICIAL VIDEO)-GurkREc-q4I.mp3,90.66611842105263,186,0.39993897420871805,0.22061201930046082,2493.517052410037,2800.551976211941,5250.194641680171,0.058669870728924794,149.44032660438978,-28.69600600828366,28.01044907108178,-8.319069266755864,25.938471522321528,-10.000583494612508,14.009899039135705,-3.1423413899491632,7.76108887088822,1.2908146783704955,3.311687023220924,Metal
Incubus - Pardon Me (Official Music Video)-PXzuDXZwZtI.mp3,152.02702702702703,446,0.5170091920148948,0.14688245952129364,2603.387215706976,2766.3000365556145,5234.541193855179,0.0570008177756133,159.07994696073632,-53.899610784492495,47.789675798948075,-11.845852413045218,22.959452004089062,-0.4647523234635119,6.8362784872211275,6.705334290430907,1.435716754973245,6.7498849907759295,1.1334180440103654,Metal
Megadeth - Holy Wars...The Punishment Due-9d4ui9q7eDM.mp3,112.5,337,0.566479747865137,0.04411214962601662,2393.4881339226167,2954.237666091179,4880.842709320929,0.04482393520198803,166.73723360781528,-42.26332570323877,49.598069322873826,6.144319561834688,18.00828511756869,-10.305459983817736,19.298992386394698,-6.18586022177493,2.0800893953121005,8.769348943720809,-3.4599061042605377,Metal
Escape the Fate - 'One For The Money'-xxIsmbVZuSI.mp3,90.66611842105263,266,0.4802810456552931,0.2867899537086487,3190.2986908274816,3436.1517206554495,6596.7920545454,0.07254192088533604,131.44257082874134,-43.38467480890147,40.78003935635608,-8.024356763034929,24.7490314628351,-9.517115018041931,19.472980096173092,-6.707982740409417,13.672615314639506,0.5787587704276008,8.149972739262235,Metal
Limp Bizkit - Break Stuff-ZpUYjpKg9KY.mp3,109.95678191489361,300,0.6156794505161576,0.1081124022603035,2216.3430444877763,2733.8836190037914,4605.049572364186,0.04850800157698249,155.75421359320995,-32.93960995356934,36.69186317739782,7.924437955188367,27.97488453427996,-5.065419805598216,13.112684896687528,4.148980071289871,8.1264719115737,4.9871551294964025,2.989717055504581,Metal
Rammstein - Sonne (Official Video)-StZcUAPRRac.mp3,74.89809782608695,224,0.5328493078304986,0.20229831337928772,3527.229057642937,3800.3723843595935,7626.142774646865,0.08535039092734133,130.62317617567894,-35.567855568410096,45.98900208667285,-16.663635182334733,32.116905308550486,-19.544062652886833,24.520095478314957,-12.588106405457063,14.415763417327756,-8.850943807581155,5.571601066174443,Metal
Tool - Stinkfist (Live DVD 2014)-NNPcTIW5qb4.mp3,87.890625,263,0.5242564173109082,0.17831534147262573,3406.8115371825274,3068.0030680016444,6436.960217172315,0.08970620028072411,136.59140615689068,-74.15157678576394,55.55406217759087,-9.377889364338,25.752317754406512,-10.016813857078262,20.37167526762817,-2.1864583279428857,-0.904748362720318,9.270863884744218,-2.363699558106188,Metal
Three Days Grace - Get Out Alive (Audio)-hpbZMZm0kbE.mp3,117.1875,333,0.4742461011664417,0.207169771194458,2951.3272017967165,3229.00042305869,6387.360378644228,0.061676842761169706,147.12902006828233,-36.97181273821892,45.63366018164037,-5.990234880101063,31.40897137887212,-8.794756066122709,13.099095325511001,0.6207682465929105,6.6712257203324965,-0.6078913910674046,-3.946159190005954,Metal
OZZY OSBOURNE - 'Mr. Crowley' Live 1981-G3LvhdFEOqs.mp3,95.33898305084746,280,0.4208967406933993,0.11074122041463852,2185.543860341738,2376.5025599928244,4230.274317077507,0.053642596642421186,183.36257406933174,-61.58100318217034,33.80295702069179,-7.7964445705892444,4.502228910403436,4.965414977407047,-2.13579441763232,11.487411970827772,4.325097639059549,3.448938028148768,3.388379824989444,Metal
Motionless In White - Brand New Numb (Official Audio)-8f2ZyO1q6qw.mp3,129.19921875,387,0.5480405338240948,0.26132431626319885,3429.9480729057695,3699.3955980160176,7184.102392049028,0.07603679771147769,127.32666874525762,-35.672457293172464,30.587356025082556,-17.828998641039163,27.82755987010376,-14.430840985661154,11.627633257968746,-4.340287998415399,16.188234455263245,-4.574865530835271,12.390047024277633,Metal
Ghost - Dance Macabre-7Gr63DiEUxw.mp3,126.04801829268293,379,0.5828761508839544,0.24796870350837708,2831.3060961682745,3469.1827008892874,6134.7406818401705,0.05072333273872871,129.80776918434543,-20.787610558506817,39.5183929191922,4.267490694217529,21.842523326384185,-1.7330135180331476,14.703846396711745,0.5773534582381639,11.623060095870908,0.08012386557338633,8.263360508797199,Metal
Volbeat - Leviathan-siIaaBIVbZE.mp3,90.7258064516129,269,0.4945940432199165,0.24940073490142822,2640.1115296706707,3034.3314188258005,5622.582087728135,0.0504482546867593,154.88047326420647,-49.24877543697913,52.834269788312795,-6.341796344341272,24.15296440778299,-4.680328812508038,11.771211194657498,4.809057002846441,3.193414492187953,6.655581877187907,4.987500960513829,Metal
Mötley Crüe - Wild Side (Official Music Video)-4Hihge6FFVw.mp3,114.84375,330,0.5586354931946175,0.0743570402264595,4116.080116908005,4040.762491514943,8996.13726825537,0.10464033475232198,121.37124506162435,-40.26281167754852,47.263327734062486,-31.055787879837638,25.42525876666521,-21.21879383625212,31.027411172764108,-10.768357339387451,20.187187041834253,-0.6712741332951132,5.487016018676104,Metal
Rage Against The Machine - Bulls On Parade-3L4YrGaR8E4.mp3,83.95522388059702,251,0.583569268909797,0.12725681066513062,3216.270835930173,3395.1123096921997,6805.307833609861,0.070027273846735,134.0102624666989,-44.43600139338349,56.85028308862027,-2.944500999781234,31.835665102005535,-5.474996125395056,16.946688594583726,-2.1573273309668455,-0.2709071928743537,-0.6508353232864386,1.368277659535347,Metal
Numb (Official Video) - Linkin Park-kXYiU_JCYtU.mp3,110.29411764705883,324,0.4173564175024013,0.17760424315929413,3054.9919258503473,3414.874413069963,6339.300726623607,0.06394939327669472,145.65100072236436,-43.12322598275079,42.57862927410646,-16.85367443649239,26.128570804159033,-14.022116093981486,14.237703447769517,-6.514016895893689,9.235403021946322,0.20024013524708517,5.820593209189901,Metal
Disturbed - Down With The Sickness [Official Music Video]-09LTT0xwdfw.mp3,90.7258064516129,272,0.6172235838636297,0.1705869734287262,3302.069303272507,3415.889194519788,6644.6909627577625,0.07260492780983349,131.54097379625583,-51.76692513342795,47.63152020993525,4.644145440111168,32.34754233379764,-6.884053177767839,18.16743876755652,-0.21240005339491305,12.568342104079788,5.082873128657013,7.419321010087927,Metal
Slayer - Raining Blood (Live)-cbyswHABG3Q.mp3,101.33272058823529,295,0.6100626774382656,0.040857672691345215,2763.822634794723,2408.7223558906153,5109.628824995767,0.08985590664102812,165.99717332955234,-85.53431932004455,54.48914811826531,-6.568313095788401,11.17928622750144,-4.434310837102532,7.824715728808862,7.33126747778822,11.855901638375537,-1.0948488565850245,1.896124313005041,Metal
Ghost - Square Hammer-VqoyKzgkqR4.mp3,130.8139534883721,381,0.5393260021076764,0.2504269480705261,3072.627310756306,3570.1861641407263,6535.037738504385,0.05830094327743541,141.83324569591227,-38.60340120291233,42.72052495104524,-3.0578309232565895,32.776541561503834,-8.061558091701738,12.717064543704886,-6.942072428987036,14.405097230243538,-1.7111375584765751,8.291729425108073,Metal
Five Finger Death Punch - Gone Away (Official Video)-BIQK4-9YFW0.mp3,106.13207547169812,308,0.5161778107342774,0.1757727414369583,2278.2882585935185,2833.1930361319846,4889.62135577151,0.04306310204765643,151.00397393817167,-16.376860193517317,25.43752318930257,-1.6202972299709069,17.357762282266933,-7.439823580865942,8.909515335875202,2.30142350156169,3.1904986457736992,3.6743705226547085,1.3958020761940346,Metal
Three Days Grace - Time Of Dying (Audio)-x9W598i7hGU.mp3,98.6842105263158,296,0.5040394178009434,0.24485725164413452,3348.880081256823,3464.699031481244,7143.294749200048,0.07730227676322884,141.61893765820392,-48.20019009500283,62.88128357504337,-14.694700540089709,30.15239146599608,-10.828890641713858,14.200086654065267,-7.20753309808106,4.148435150921407,4.632360927511788,0.23107125471968515,Metal
Five Finger Death Punch - House Of The Rising Sun-sXYIxJScSik.mp3,137.1951219512195,415,0.5160585959109176,0.1049448773264885,2377.538515831228,2932.790787692278,5056.623959320929,0.04559941008125445,160.13791145729004,-21.588869299835235,26.18757702542019,-4.925067020320704,18.724186215034674,-6.863648138319591,9.185181208569484,-0.9836013345122613,5.890841155626573,-0.7636563264427002,2.2840305448925413,Metal
Bad Wolves - Zombie (Official Video)-9XaS93WMRQQ.mp3,152.02702702702703,461,0.42300505771119257,0.23016488552093506,2524.1746970134027,3175.4996034846076,5469.392554515288,0.0497664374518547,165.71970297137148,-7.94632359971787,29.226146018515838,-19.326141124269892,28.3751967029682,-12.06002199546396,7.383217032489309,-7.6200726066314575,10.263101374507176,-0.6717032310483695,5.479365021681927,Metal
Limp Bizkit - My Way-Dn8vzTsnPps.mp3,96.98275862068965,287,0.5451558397596009,0.09886669367551804,2902.127095247282,3257.975020352272,5956.156764784309,0.06072446864259896,146.5146091140431,-35.29040843924164,36.66867907982059,-4.46120106937302,25.664704879056835,-5.042048672018424,12.521809739195692,-0.9203299468942123,9.926725406151505,-1.4786686706547543,6.8001618322810895,Metal
Slipknot - (Sic) (Audio)-m3I3-KTJbtY.mp3,129.19921875,383,0.6370317613699158,0.26641127467155457,3050.747250238383,3416.107276363457,6250.1955392559985,0.0651399437242002,139.7037070648639,-48.70606667035349,43.583993622126265,-4.196647675964526,29.260829877694373,-12.954204123816778,25.283159752528377,-4.081267564900057,14.74843625726097,-4.9520470369371505,5.122560418628214,Metal
DragonForce - Through The Fire And Flames (Official Video)-0jgrCKhxE1s.mp3,100.44642857142857,298,0.49766679781195206,0.09077826142311096,3223.127145627315,2539.0850829875353,6070.344442551553,0.10120268335950462,180.39528353407837,-109.87961325535684,77.4713512137256,-11.313623159652872,-2.4936488197402285,24.41579971376357,-20.546867606424605,25.641407939601212,-9.655769955650879,1.821072369992942,10.948228092582028,Metal
Somewhere I Belong (Official Video) - Linkin Park-zsCD5XCu6CM.mp3,108.17307692307692,326,0.5315637423985278,0.053416721522808075,3189.237909935019,3593.428390321679,6750.890225023702,0.06369961062492593,142.19499732538574,-39.19438712692872,39.41485288233057,-8.769623554748105,27.791351550396804,-11.333009631193466,15.390764410630208,-4.575317675831016,11.194205498085516,-2.1082608306882724,8.78293623940807,Metal
Rise - Katy Perry (STATE OF MINE cover) POLICE TRIBUTE-xwl1tnW5iYA.mp3,102.27272727272727,289,0.5187587328518328,0.266397088766098,2716.6801920787866,3405.2800176977753,6012.513147369044,0.04242329621207632,134.8405961729457,-21.094998824613914,47.53612145981307,-7.405334453360496,30.89684111603997,-11.679917227246937,19.885142857733637,1.792452509902266,12.221543756202827,5.351680909713571,6.131014318482497,Metal
Five Finger Death Punch - Battle Born-LyA1GL1touw.mp3,98.6842105263158,289,0.4989946533631652,0.15138478577136993,3012.967504681917,3325.328006854137,6604.435014962076,0.06158876927663546,154.95690432513774,-48.598992203535275,45.69198726710869,-21.964752398073085,32.14521775640345,-11.1332004104074,11.655949083182641,2.415477421932701,7.648367215129562,7.966431986392579,-1.703413464975356,Metal
Metallica - Enter Sandman [Official Music Video]-CD-E-LDc384.mp3,125.0,364,0.5842126469423617,0.21975067257881165,4020.628787450886,3997.866120914524,8638.599194121829,0.08674025914205084,118.33876713742836,-37.74092531030662,50.69255988216417,-3.736764809176652,36.43345386594173,-9.250391725552554,25.046920949478125,-4.502174509429761,11.927404692207201,-3.1649954960829865,6.891380994846212,Metal
Eruption Guitar Solo--Eddie Van Halen-z_lwocmL9dQ.mp3,100.44642857142857,304,0.3894829337794667,0.17127254605293274,3093.1243122151777,1735.7034554999595,4762.380284872008,0.1164161626070307,178.26788028269274,-154.43658746572365,49.08960008608348,18.121105849113658,-18.6270590985617,25.25556133104552,-19.22827938276159,10.552120303025342,7.555025903323078,-6.9083541065018705,16.385215524009634,Metal
In This Moment - Big Bad Wolf (Official Video)-j-qQ_brIsfY.mp3,120.18531976744185,327,0.5261150571379695,0.355231374502182,3397.1138206907444,3534.755692166608,7224.402148361914,0.07804875329552051,117.87728204971391,-34.58987771957437,39.957273870436374,-14.683769423943398,30.416799898872068,-7.185989859215455,22.00259977041343,-0.16141915492541667,9.832015911777974,1.4365532542100152,7.23628384859248,Metal
Castle of Glass (Official Video) - Linkin Park-ScNNfyq3d_w.mp3,108.17307692307692,202,0.40052395228267523,0.13546182215213776,1576.3726019675744,2096.797569956277,3203.4337779983407,0.031272191971957214,148.68938339480982,24.19318318654475,23.66061473868997,-5.31163192671665,13.727105449015573,-6.646962267221603,-1.7397377859054575,-5.216215984106061,-4.80674263135263,-5.498779387497309,0.40286090285765075,Metal
Slipknot - Before I Forget [OFFICIAL VIDEO]-qw2LU1yS7aw.mp3,137.1951219512195,402,0.5587614437052445,0.12729328870773315,3546.97064428455,3503.835054903575,7268.945636554871,0.08711868000414791,138.31399339478176,-59.07312542614603,51.875266736387125,-18.011480234318842,29.492162628853613,-12.769997530212633,14.639863630761358,-2.45211154366961,8.111634695491245,-1.4838991521534142,6.36572041416955,Metal
Incubus - Wish You Were Here (Official Music Video)-8295rOMvtQI.mp3,112.5,321,0.5774934848241389,0.15616503357887268,2318.3684771526864,3048.8258702194585,4895.3099075610335,0.04058720710069033,159.82446863416203,-29.712854311187957,40.813867150185295,-6.244901471546657,32.900627514864546,1.1677806910683324,16.97589314950268,2.7691281161458448,10.48562511049427,8.753934200657767,2.4313475005324143,Metal
Volbeat - Lola Montez (Live From Rock am Ring_2013)-FPJ1KIMArWA.mp3,156.25,469,0.5444402163542983,0.0641762986779213,2956.756002354601,3244.827011419023,6170.521839446551,0.058003391465690925,147.92147818317972,-56.182709550064445,49.920832527383915,-9.583999549605767,36.17606448443828,-10.255132480874716,18.87020423137293,4.6075023420314425,4.529072501154947,10.770325393680734,0.7174894109029415,Metal
Five Finger Death Punch - Blue on Black (Lyric Video)-deedpMSLIHI.mp3,156.60511363636363,451,0.5459232814497185,0.23659059405326843,3013.1512581140246,3670.0314167883175,7046.44489111177,0.054560611122532895,134.7008548824101,-16.625072857169044,48.76178432704583,-12.335077351120901,35.05587612772558,-14.93928808352021,20.02838438151768,-6.117261998132725,13.701895042065281,-0.6472703572368365,11.161535155131192,Metal
Korn - Falling Away from Me (Official Music Video)-2s3iGpDqQpQ.mp3,104.16666666666667,309,0.5346977595330498,0.16897174715995789,3008.1162956222183,3097.911086696306,6197.828554604172,0.06721936732452892,133.42415730346966,-43.21711069173124,51.54782604606456,-3.1824278171356646,25.1690636841291,-9.956845431439794,6.349809202127448,-1.6026388845102741,3.145401102417605,8.083526721162224,-3.206225113249717,Metal
"Led Zeppelin - Good Times Bad Times _ Communication Breakdown (Live in Paris, 1969) (Official Audio)-v12inxfdSeQ.mp3",99.38401442307692,295,0.5176152904382697,0.20532354712486267,3048.7927647623983,3100.611583995015,6369.567039655089,0.07392292790368614,143.380421492643,-59.53708885212203,54.982683164532205,-19.314318119800905,37.248931688502616,-11.057320447953447,12.87997130419372,-2.1460980212774943,7.096473337772968,2.0735092413773875,6.558069188732564,Metal
Drowning Pool - Bodies-04F4xlWSFh0.mp3,130.8139534883721,386,0.589402112421045,0.12398502975702286,3181.1329186296534,3306.5827292213844,6546.428730149324,0.06873394771050605,140.21117465310104,-53.79452437183975,60.099728738551406,-5.117761705984731,27.649051680774605,-6.674261262728876,22.993974344043945,-1.0368871427653759,8.214479738802941,6.65519367092415,-3.826393932637582,Metal
scarlxrd - HEART ATTACK [Prod. JVCXB]-OC7cNS0GINo.mp3,119.68085106382979,358,0.5310678450051638,0.4207210838794708,3235.010832755328,3397.9939820875475,6697.428115370941,0.05537900994755866,126.62915691198292,-45.376636802519755,25.356950795680497,-16.67662926928201,7.870100897737034,-8.140558030014127,9.417694741567269,-6.306918201927274,3.9632050484294283,-1.0777821224312423,4.0102818447913195,Metal
Bad Wolves - Remember When (Official Video)-tQP2Iow-4ZA.mp3,114.79591836734694,314,0.48341719426642116,0.23096612095832825,3256.759899210069,3494.8309823368722,7029.050130362645,0.06644967913938434,129.34578536311938,-39.672416145392,44.99409741941198,-16.15958411160383,28.429001252472247,-9.505860791933605,18.095475844102303,-6.484462006339853,11.40741278658074,2.2367406760040915,6.631157249174138,Metal
Alice In Chains - Nutshell (From MTV Unplugged)-9EKi2E9dVY8.mp3,119.68085106382979,359,0.5287696865963807,0.08769506961107254,1695.812888312226,2536.5439002814283,3247.8436463024414,0.029112713459572767,179.22641057971683,-16.532466089658058,29.779768860064884,3.1067309874574227,20.14472043929889,1.4609711708200324,3.7511726318106264,-0.009009430514307045,3.6173804890282977,4.316466505494549,4.376004299225997,Metal
Mötley Crüe - Same Old Situation-kXt5NWY5Ay0.mp3,139.6748310810811,421,0.555611236492043,0.05086677148938179,3188.950929902104,3025.9415795542855,6135.8934526473,0.09635564687943433,127.89209945410558,-47.66519265125652,51.49561984002989,-17.567260579146573,24.027935534808393,-11.147699432226778,12.864754531829515,-1.70962407238143,9.260643534627997,1.2753434587538346,-0.16093579820828882,Metal
Staind - So Far Away (Official Video)-QCZXjB9DPl4.mp3,140.625,414,0.43949173453661905,0.08843671530485153,3014.631030284401,3402.015570866154,6288.067651546575,0.06778941456247037,149.55120297150071,-42.981796613709584,37.424132091330414,-10.437620849785345,30.310346141829484,-11.231122173078381,14.751488501435244,-4.305658967421989,7.593650964131364,-2.150817514437906,5.952665968426259,Metal
Alice In Chains - Down in a Hole (PCM Stereo)-f8hT3oDDf6c.mp3,193.9655172413793,581,0.487299154404532,0.13448205590248108,2819.431560061078,3034.630702312881,5849.611689677648,0.06499345756362586,158.18703886327265,-48.387197721613845,53.55304827314982,-7.168959582431472,21.554156272284594,-7.018835268500475,12.417345387203934,-0.2793980261830944,-2.890065798627861,5.083758938280221,-4.063752767587804,Metal
Black Veil Brides - In The End (Official Video)-f0EQlIzPowM.mp3,140.625,414,0.5114631926535761,0.13041247427463531,3246.395396220184,3506.101460820213,6598.60619370704,0.07123527517813759,144.1545135548408,-50.22881596460565,44.07119985497072,-12.415657797847743,28.38946148403701,-16.840455805205682,20.701419439857247,-6.3892706318906445,14.011725590033075,-0.17469243085181896,2.9096056398091585,Metal
Megadeth - Symphony of Destruction (VEVO Presents)-JCRv_DnAZQs.mp3,135.99917763157896,401,0.6067910739109745,0.28241509199142456,2785.119804120823,3658.6771770378537,6416.715365666723,0.048644515629031215,128.89214355557613,-3.1668957884271403,48.79168147690948,4.698456491204283,36.86139511046001,3.3659363226694103,14.214694030623992,-6.734062839922917,0.774648255087927,-3.2029476915034882,2.448970140930446,Metal
System Of A Down - Chop Suey!-CSvFpBOe8eY.mp3,127.8409090909091,374,0.5331133672540562,0.1343882977962494,3158.666705148092,3262.9022747545396,6478.329987852571,0.07365515492600438,145.89537780968973,-57.49346565117812,47.66859966361683,-10.124093897766178,32.0063515202763,-11.026282684544732,19.632754580116387,0.811123466438822,6.152647081129815,5.360630829850303,2.180073631580554,Metal
Mudvayne - Happy (Video)-anbrb2u9GYI.mp3,100.44642857142857,297,0.5530084260874379,0.22019752860069275,3047.595869217794,3132.974917564937,6274.512899235601,0.07036102143021154,148.51333288073204,-57.793722383550204,56.9905192960061,-11.233882493747457,34.41736874603889,-7.600527028320961,11.498927678686783,3.829911425235267,2.2974247403864103,5.4332976146688035,-3.556994199212359,Metal
Apocalyptica - I Don't Care ft. Adam Gontier-qxDcWvZCSRg.mp3,89.28571428571429,257,0.44433910346092764,0.18166382610797882,3016.389019438918,3166.945727612235,6377.1318181144825,0.07033234836083788,148.9130667040495,-37.96842408049502,51.63544364127634,-15.600608042747917,28.554126085589917,-9.141995892184216,5.31105937125633,-3.692513257136124,2.725478031609427,5.974793154370822,-2.466117592640909,Metal
Papa Roach - Scars-eHbNU9WuVgw.mp3,89.28571428571429,267,0.4677013331518516,0.12545175850391388,3802.677596970722,3510.716324007974,7491.003310914909,0.09742076048271213,129.11166662568735,-54.36736344085533,65.82568701322546,-20.046839643647264,24.144133337934292,-11.250183993039913,21.012749518924334,-6.763650515314061,5.214938538828059,0.20999561121056493,4.855973039064138,Metal
Bring Me The Horizon - 'Can You Feel My Heart'-6AVRCQBc59w.mp3,170.45454545454547,493,0.4463508812478107,0.3168756663799286,2713.2523014606973,3023.1739108599654,5563.241159783124,0.05783907828610156,161.56925250103333,-51.35507858685527,38.5546577236916,-15.817841029610767,24.20439628535816,-7.193936947578959,12.586758331045129,-0.1764462341680848,4.817727025688795,-1.3828895273753776,0.9974984863879995,Metal
In This Moment - Sick Like Me (Official Video)-03X0B6u-AxM.mp3,132.51201923076923,393,0.46927125573431966,0.30272385478019714,3225.052061087273,3212.6445261186173,6771.2409996764945,0.07860600616171633,127.44102482005252,-55.81712679544211,27.800161539290407,-20.737473132072136,28.488122437451125,-19.25202961781124,18.44761221801851,-4.330566731619576,13.272527513615177,6.196772931753077,8.09071718063409,Metal
Tool - Jambi (Live DVD 2014)-9acDoDUnEdg.mp3,107.666015625,321,0.5578169428554366,0.2049117386341095,3508.476027135858,3183.59045886243,6947.187157976369,0.08636780100095137,123.2535263119081,-60.323005120530254,76.81885575329783,-6.983198132491311,30.508660689750208,-10.475074571087164,25.42306286279706,-4.296525526466734,4.442133697613739,6.537179342863291,-1.0079605982440283,Metal
Pantera - Cemetery Gates (Official Music Video)-RVMvART9kb8.mp3,144.23076923076923,404,0.5540614280204267,0.11265208572149277,3561.4952924975887,3751.7422264302772,7374.05051922849,0.07223483978727187,110.05196412899036,-40.32116342601449,64.76347911258469,11.553246349051282,38.84374186862689,-9.183090026455268,19.76560869342213,-5.0098815931010225,14.273051343361953,-1.117864439996657,-0.2853861237530687,Metal
Rammstein - Du Hast (Official Video)-W3q8Od5qJio.mp3,125.0,374,0.5706003102331565,0.20331794023513794,4318.325848922955,4541.353373216526,9542.356749229675,0.08787942774687425,108.11160400360457,-23.058598624967413,45.24575391164962,-1.2988043196955914,23.977410253628154,-6.299356937223864,23.04193819057285,-11.629837164391219,16.220312457436627,-7.5992213408107805,13.979720394001875,Metal
OZZY OSBOURNE - 'No More Tears'-CprfjfN5PRs.mp3,101.33272058823529,281,0.49095016955744547,0.13435858488082886,3431.340116115267,3520.4263546967386,7080.014132567603,0.08432759539876807,116.68716924424294,-41.05658664492651,50.83448741969906,-0.21273448620531918,33.19958025499963,-12.400913960935005,16.276472633946334,-5.3658975144195376,13.117882561233717,-2.1085437198682575,5.833632121916557,Metal
Mötley Crüe - Live Wire (Official Music Video)-Ahq4blDfU5s.mp3,112.34714673913044,339,0.5029078001379067,0.20660939812660217,3548.173440882596,3396.2473580400433,7253.379750916094,0.09227910942337461,124.40179108544314,-58.12867541541514,55.961883099066114,-17.87027524350498,35.80779684915279,-13.327425563644322,22.685289463066876,-4.4104604537216945,14.816198539784558,5.796116080694722,8.064277089646176,Metal
Primus - Wynona's Big Brown Beaver-aYDfwUJzYQg.mp3,129.19921875,385,0.5288965337123762,0.07456515729427338,2875.2910042106028,3193.428748668112,6111.767209646502,0.06697657282999549,146.90174994004704,-40.96185197283511,42.382695131261706,-8.305435934390804,44.965610854345535,-11.64534113302069,12.350402198679863,-6.021071936507759,4.370203550049732,-2.3071910413525316,1.928544295704784,Metal
Five Finger Death Punch - Coming Down-ptzzU7jFQwo.mp3,112.5,328,0.5360602833718937,0.07685801386833191,2909.7567795816954,3378.2204957267313,6374.183381725527,0.054372790640184285,140.4334324595065,-32.94611126719557,47.39448151800462,-16.103489563371085,38.45746514928088,-7.023825308929273,15.992223886530612,-1.573961767030007,7.542612939468611,4.833172408990005,3.5816468606086125,Metal
Killswitch Engage - My Curse [OFFICIAL VIDEO]-iPW9AbRMwFU.mp3,175.78125,530,0.5038262523208565,0.06895293295383453,2601.1758473372342,2683.971355070357,5409.161401546575,0.05924660483082484,170.1692140384471,-65.8923318368819,49.01312882911802,-12.855356076161412,28.242200900674774,1.697313591244989,4.0812794476571845,3.0631853332620906,-8.163914765132704,13.756654146176407,-1.9090508851105974,Metal
Bullet For My Valentine - Your Betrayal (Official Video)-IHgFJEJgUrg.mp3,133.92857142857142,401,0.5975168231146242,0.25391000509262085,2949.228151953936,3135.4019021784143,6228.539234712017,0.061056393417427114,152.47585558220925,-54.414443522301525,61.79280614267127,-12.20643721230298,27.72790682345948,-7.2769731402244595,14.188022118258598,5.056556725424828,5.778173063338608,9.831981123210248,-0.5499526062310774,Metal
Tool - The Pot Live 2017 HD (NEW MUSIC VIDEO)-cfBJ0tV7J6c.mp3,143.5546875,442,0.5810191811235118,0.09930484741926193,3327.4763134751706,3459.897059999147,6941.070528296125,0.06998782950166087,118.65646380599121,-39.30252640249655,54.26897336120695,-4.401288478752441,25.59853014205439,-9.970098220594048,15.580351787811617,-0.7496660614236549,10.012557468385861,6.033501332343205,9.639794111011552,Metal
Mötley Crüe - Kickstart My Heart (Official Music Video)-CmXWkMlKFkI.mp3,89.28571428571429,259,0.5535599891397077,0.07161560654640198,3496.5380740633177,3455.6381807886155,7193.823699336335,0.08002801222890496,142.09121711573965,-58.69903357536377,52.82401236959191,-22.704787416790605,35.15225552261127,-11.019545316480798,17.40325156291481,0.6281337769111089,6.9671654026895204,5.797211685270147,-4.239663852431321,Metal
Breaking The Habit (Official Video) - Linkin Park-v2H4l9RpkwM.mp3,100.44642857142857,295,0.4440047841653266,0.06967870146036148,2816.937147023013,3347.7514100331728,5974.469568470016,0.05503895486748933,152.34681319137448,-29.35081623222154,43.86809752442987,-14.902282285642126,25.173404777948353,-15.583992734302875,10.591857339153227,-6.334424033970454,4.371322484850524,-0.9542525688384893,4.614390123069957,Metal
Judas Priest - Another Thing Comin' (Video)-U__m4N7Ml30.mp3,147.65625,446,0.5509753769450654,0.11288582533597946,3055.7041514187445,3069.48798631188,6105.749190481086,0.081685415608472,146.00090865392394,-61.72956423123241,58.10964812670794,-14.994207176639229,29.00752118735898,-11.686025166006877,21.802357541393167,1.8806697657569076,11.419868625171446,4.463076634239677,1.6670883285233116,Metal
Chevelle - Send the Pain Below-gpyRI1j9t6c.mp3,92.21311475409836,270,0.5954978344681676,0.16169533133506775,3080.7593101272696,3374.689009438002,6703.540253170183,0.06476028272398672,138.72398290081387,-32.64581563727024,56.29749021518598,-8.062544863464034,35.295246561496704,-8.316833820111313,12.082878409217955,5.35908991321792,3.622499239378018,9.698652267997225,-1.768644013394855,Metal
"Metallica - Fade to Black (Toronto, Canada - November 29, 2016)-A-4K4SX0m70.mp3",200.89285714285714,594,0.4426651111097556,0.1739373356103897,1789.0253329727154,1995.9730110541595,3725.651442877459,0.04147222409968298,181.4112967319546,-44.61608914286092,30.457986421834224,13.19208063251089,5.9326735785257965,5.781439801252915,0.09713921669095031,-3.1016471949789297,3.5379706209289155,0.5942804078663227,-0.6960278790274608,Metal
All That Remains - What If I Was Nothing-v2cRj9Z96PQ.mp3,143.5546875,432,0.4808810025222459,0.2210744321346283,3236.8886625342775,3579.2888214802188,7014.989525762505,0.06875941037393576,128.69901954219085,-27.613933312666614,47.097677660704754,-2.2620704071025712,27.60487261128965,-10.581292076887035,12.894522179136946,-9.815310446005764,11.357589597817386,-5.619417151689367,4.907427615864529,Metal
Staind - Outside (Official Video)-mVQpfoqsY8Q.mp3,148.02631578947367,435,0.60333715089295,0.07771240919828415,2080.3473638902447,2595.589789036547,4366.249592616734,0.037332191657161055,154.24386342429523,-33.15689687902872,40.08677851674667,18.16308388136364,26.516121500712444,9.554398642463166,9.343984396338342,10.438769169365308,4.329662327493195,3.2752749263449306,4.108354656295948,Metal
IN THIS MOMENT - Blood (OFFICIAL VIDEO)-5ZF5m-vmDzM.mp3,139.6748310810811,418,0.44478402226113267,0.3075466454029083,3600.8228981903935,3521.3895922582115,7541.229399217541,0.08815410287264577,124.67496251512279,-50.049108326097944,34.000696470737154,-15.653781201674665,27.621326805652583,-20.399952195005895,23.941887942413427,-5.939818542658461,11.33933217158968,-0.6893242517327648,10.081803335809836,Metal
System Of A Down - B.Y.O.B. (Video)-zUzd9KyIDrM.mp3,101.33272058823529,305,0.5290825476809885,0.15880094468593597,3578.5551135511078,3424.007178081825,7485.515847220879,0.09666431848232714,131.79685125316357,-58.870084745933795,55.39683327471691,-21.22842922166855,37.65068814278476,-19.850581569174878,23.333577263031778,-6.026875270000025,8.891057181319884,3.348107078331591,4.043735622665752,Metal
Bullet For My Valentine - Tears Don't Fall (Album Edit - with Scream _ with Lighter)-9sTQ0QdkN3Q.mp3,108.17307692307692,320,0.5126740357714538,0.20787186920642853,3317.0825474718813,3117.9221132961975,6654.1487356304815,0.0820765019480327,147.25787675425744,-65.37092404528389,61.06450503821819,-15.055452709457104,28.894202411990673,-15.196568612723325,12.985381164524226,0.0943749787902658,5.667512055640811,0.2902364058807402,-2.4076013238389717,Metal
Soundgarden - Fell On Black Days-ySzrJ4GRF7s.mp3,100.44642857142857,302,0.4656050343661595,0.04949945956468582,2845.4918313157373,3357.802501168432,6130.125622185352,0.05249726520835803,149.76643263595707,-25.238154129849786,40.94475872289578,6.398020529130998,24.397912751575852,-7.514124249136507,7.650363157930754,-3.252220881458559,5.994287440679421,-2.8441995981622186,-0.49711392601205695,Metal
Alice In Chains - Rooster (PCM Stereo)-uAE6Il6OTcs.mp3,137.1951219512195,407,0.48018110480577564,0.06529083102941513,1605.3169296812362,1866.2073407251173,3287.6801745081775,0.039653003201662124,175.08828543216077,-18.865629280594185,10.953865232951028,36.40443134656291,13.40927830087061,-7.081543697084098,3.1965221574727427,2.4244762569172256,-7.457740730485639,-2.4114349269135795,2.1216168265294164,Metal
Tool - Sober-GqmRDV0a_70.mp3,152.02702702702703,447,0.5345039607104992,0.1342242807149887,3144.710849071448,2891.786230063518,6472.738652524295,0.08031714440070219,141.59653265505213,-56.792147245674784,62.35281895607281,-14.293986058314095,16.133301358811426,15.709786916909053,-4.256446525079298,21.00427854028967,-3.5143829891354526,15.08125007659523,0.5284355129494401,Metal
Seether - Nobody Praying For Me (Official Music Video)-v7uOXHMhaO8.mp3,156.25,452,0.5530569251903115,0.0787702426314354,2589.9275428230594,2946.6242311812125,5628.17620066959,0.05812711098601565,140.19037917113172,-14.320458696757553,53.06458313995954,-7.632537839132537,27.91182591787338,-4.365652910256117,8.894090695775253,5.984357231979345,2.0464683504494925,7.8405761286508815,-1.2497216016426334,Metal
Mudvayne - Dig (Official Video)-YIqbdnaPcT8.mp3,133.92857142857142,398,0.5789733803501926,0.12027470767498016,2880.52104407253,2945.862252143897,5787.288993985541,0.06913811936144525,157.49535829557902,-65.01887543990392,50.28527591746327,-12.708541869708428,28.304951102387797,-3.344172889106263,13.44622555846304,2.179249792112879,1.3996755590892564,7.39540834044511,-1.4087534636546684,Metal
Incubus - Drive (Official Music Video)-fgT9zGkiLig.mp3,90.7258064516129,265,0.5098871720848906,0.15686233341693878,1902.9199263521264,2518.4966247215875,3804.7981415916092,0.037493495755807064,178.71041580394845,-33.68951418400784,40.678613112546934,1.4258708286268629,29.78812259921923,2.581571106904438,6.860643816129907,4.065527515480605,1.5171301852503662,4.237265749806246,-1.6420043016143469,Metal
Black Sabbath 'War Pigs' Live at Ozzfest 2005-9ssDXiMLX9o.mp3,104.16666666666667,307,0.46550051489024463,0.23318429291248322,3112.61538273897,3029.240976967031,6098.006692196018,0.07911695510636407,146.46529971612287,-72.28635248290193,35.866530299063754,-21.364576456796986,15.807840479973025,-17.503195949826527,6.476260255450987,-2.764094238189029,1.2983987290131431,1.596516687591719,-0.15597632647113363,Metal
Led Zeppelin - Babe I'm Gonna Leave You (Danmarks Radio 1969)-wO6bRjcyQN8.mp3,139.6748310810811,417,0.45673263789858193,0.150270476937294,1329.4470956635814,2126.662916659474,2353.231603663772,0.025223518426696335,186.0842879779132,-9.075161792163414,17.3938901287181,6.664742018007799,21.689147860824306,13.389472302062302,10.45587196244698,-3.23303994363467,5.228993664787774,0.750292084988362,4.084088904227428,Metal
OZZY OSBOURNE - 'Crazy Train'-FVovq9TGBw0.mp3,139.6748310810811,410,0.48239533293730147,0.12086999416351318,2864.4067937108557,2713.370496400356,5550.885878996953,0.0828835691091815,151.1653129247751,-69.44539620256892,65.76504964556698,-15.218682465644282,18.315213326144846,-8.647438492092844,13.574325687754033,-1.8044873677597388,4.5670186094167935,0.3017751383683165,-2.3961953919187273,Metal
Bring Me The Horizon - 'Sleepwalking'-1EA8g4-vEAQ.mp3,98.6842105263158,291,0.4719312526475854,0.24369314312934875,2863.6747643193057,2940.8658687355332,5703.048152702062,0.06712909489622837,155.14882906462267,-58.43221291360513,41.08666757494649,-14.031707598872245,22.816459890062703,-6.159275535246642,9.677205639171898,3.3230889323747603,6.497518745809309,2.0080955070335174,3.301235008328382,Metal
All Good Things - For The Glory (Official Lyric Video)-vt1AR_i5dX4.mp3,139.6748310810811,403,0.47336488920911796,0.22424152493476868,3266.1713066221787,3502.3774599322637,6990.049398794263,0.07548219033193047,128.55754444417838,-39.618162354359114,40.379804167554525,-5.676242199429698,32.64744119175344,-18.57833172142201,14.920035360301185,-6.131730568886074,10.901012037825428,-5.57648793213198,7.01671875106576,Metal
Korn - Blind (AC3 Stereo)-SGK00Q7xx-s.mp3,125.0,371,0.5774487556629426,0.11690234392881393,4095.457093156031,4022.9717267414644,8626.542964120645,0.10264440926648791,114.14392107566431,-32.77783746481159,43.801428661149544,-1.883423083509782,33.929464064130904,-15.228758359737107,20.021642203497585,-9.735249687965918,5.556250368767125,0.7439655440257689,5.318219843100843,Metal
Killswitch Engage - The End Of Heartache-JiDnB-CrrNs.mp3,125.0,370,0.4910041477422613,0.15445801615715027,3543.972307115301,3347.038601394012,6934.284912745911,0.08470774069869934,129.43959625110094,-67.05374867251969,54.74836140187222,-10.281742415432522,27.96410125451664,-15.403775036274094,14.967305696392023,-3.5109619372714738,7.263059293962748,2.578391871538993,5.696802657777361,Metal
Heaven and Hell - Black Sabbath lyrics-idn50Xj_CiY.mp3,86.53846153846153,264,0.4846942451849452,0.06080546975135803,3357.3545983360423,3671.27766035144,7422.011565981275,0.06556035105327092,135.68939233739272,-34.59848723545189,68.43259912661894,-13.658964898197015,32.03933738857398,-18.61941404536186,16.671695439458343,-2.8183009117466096,6.288809970906952,4.29954597664972,-4.154689879143195,Metal
Volbeat - A Warrior's Call (Official Video)-rSmtHBMjXLU.mp3,148.02631578947367,436,0.5222143049701827,0.1272004395723343,2870.991800073987,3230.787944308024,6171.696769821047,0.05498898676374733,149.3590723189775,-49.29645990399375,46.2154072365173,-12.23181480649529,36.991894086259364,-7.680494837645184,17.63074572347084,7.170916746542221,10.664012042345057,5.5018210272164385,4.048255183987833,Metal
"OZZY OSBOURNE - 'Mama, I'm Coming Home'-K0siYUjV9UM.mp3",139.6748310810811,404,0.496762869532479,0.12379762530326843,2886.333166153202,3321.995653688706,6389.540529989236,0.055360461413183695,124.12296115963804,-28.874402657977807,60.88372644863157,-6.246094614788705,29.18206809914479,-5.346506913473644,18.065010489930398,-3.6794045059483773,8.560029923590118,-0.44190824220142655,2.9834047755075255,Metal
Poison - Something To Believe In-G5uamDMoW4o.mp3,133.92857142857142,394,0.4144687768309966,0.031067954376339912,2749.4022778249796,3075.5022809397183,5844.102293938137,0.062142787371859444,151.76380620698126,-32.403624252712014,41.397675586773936,-15.796613446094268,17.3852291935516,-14.677711953893816,1.8167517227536234,1.0045984672353558,-5.182406449042974,4.562630481237821,-5.685475086320146,Metal
Dio - Holy Diver (Official Music Video)-2lvs2FzF64o.mp3,92.28515625,202,0.49520527499412137,0.06469403952360153,1633.2338831749214,2121.409126856696,3218.6444261863876,0.03670074179445627,178.49176016801133,-14.4509658648239,29.358255031688568,1.1465164221225213,11.764785893338743,5.232800297607095,1.9135225120602846,-0.022635024470055314,5.793630833637859,2.150906088277176,3.0638356898905723,Metal
O.T. Genasis - CoCo [Music Video]-6vYnas6q3Sg.mp3,119.68085106382979,309,0.4993622307539166,0.2073637843132019,2923.0040501483813,2983.448996503345,5939.131384806827,0.06077744582728431,136.60874886762224,-20.69038532761681,25.654729560290303,-7.518791323101273,25.089148916463515,-5.998626224926453,10.326133507236529,2.4426075078286384,11.546434598963137,2.732849125890512,6.974004904137685,Hip_Hop
A$AP Mob - Yamborghini High (Official Music Video) ft. Juicy J-tt7gP_IW-1w.mp3,137.1951219512195,408,0.596647393342458,0.27169665694236755,2123.4571837318776,2878.4678781260454,4419.750588853994,0.024706290553152405,155.91521929127288,-7.486628915904676,30.142596793606558,-15.566989659572616,24.361087316415173,4.459294866910807,3.1968149548595006,6.853964742049005,10.322426626788548,7.199677173487729,6.771599243423836,Hip_Hop
Eminem - Love The Way You Lie ft. Rihanna-uelHwf8o7_U.mp3,175.78125,515,0.44211086837760366,0.1421026885509491,3113.2499674828478,3185.6168481300992,5994.637817758948,0.07885635133658746,144.36003961343582,-44.885047179199056,32.002895442531035,-11.750789189521704,27.99981114883278,-13.63064235640512,9.992053121493031,-0.6453029218675302,2.797949820325731,1.664352707517962,-0.7474463612170603,Hip_Hop
Post Malone - Go Flex-tQjsAJhsSw8.mp3,81.52173913043478,236,0.5501755970684286,0.15677446126937866,2106.416929301365,2842.377993804194,4389.081572943825,0.03444289528213143,152.64651627177756,-4.873723707990119,31.912320419187182,-6.1221749549170035,20.12727213873741,-6.108308328972378,4.332361628998818,6.829103183498938,-1.8071533859324078,1.5496504336540047,3.713143611282858,Hip_Hop
Big Sean - I Don't Fuck With You ft. E-40 (Official Music Video)-cZaJYDPY-YQ.mp3,98.6842105263158,294,0.47154392337191386,0.2214464694261551,2756.9613544039535,3068.055751674339,5603.748481571462,0.05622638450128881,139.43649723639263,-22.375666644844255,31.197143735309982,-4.908454429146721,22.082379942384943,-3.379114566902964,7.087006972031844,1.9805273489537172,4.278733204910889,-1.1407891562165218,5.825083949281621,Hip_Hop
Chance the Rapper ft. 2 Chainz & Lil Wayne - No Problem (Official Video)-DVkkYlQNmbc.mp3,133.92857142857142,403,0.46669782032679663,0.09897787123918533,3905.7392869916616,3861.5508773869565,8209.91487541479,0.08319955460972683,113.08713610558925,-38.17208426744394,35.66100810943349,-23.3482153844074,18.937968381682765,-14.769287774741478,18.477862053175286,-6.474151032962565,8.634685040966309,-3.694827800717194,1.1174316710364478,Hip_Hop
Maître Gims - Sapés comme jamais (Clip officiel) ft. Niska-4bPGxLxogvw.mp3,119.68085106382979,358,0.48039926605878447,0.25169837474823,2610.1310923071646,3167.582800908725,5208.903824217824,0.048070444205158214,145.42660699250024,-30.127714819343698,32.10168291237937,-1.7633772353289938,34.170741381455805,-8.838952060595535,2.613432296888196,4.867783077892859,5.248516281756761,-7.294170144715769,1.075217833323466,Hip_Hop
Puff Daddy - I'll Be Missing You--fesv7_fXvs.mp3,110.29411764705883,327,0.5168399941360163,0.15374654531478882,2539.8692279769884,2933.1030517868785,5564.403590898317,0.05394379407146243,144.15792086654966,-21.975796593631987,56.324355158587956,-5.553024920991207,26.016883623605175,3.8002313325839654,-0.9056157651299863,15.5448216792002,-8.15283764057843,10.302507786123066,-2.175554954136714,Hip_Hop
Young Greatness - Moolah-dAFiZFepEz8.mp3,127.8409090909091,366,0.44969148558679256,0.2535436153411865,3447.776716442089,3819.3669575771582,7739.035834913487,0.061549882692136765,111.92924237311945,-12.937483824667648,46.562651005848224,-18.39253621878553,35.90415443838945,-6.790106169268518,8.331204725858447,0.5117268938294162,9.85946177534638,-4.906826948936368,10.296823861626535,Hip_Hop
"Usher - Yeah! (Official Music Video) ft. Lil Jon, Ludacris-GxBSyx85Kp8.mp3",105.46875,312,0.4166933984685376,0.13180162012577057,4180.089996194674,3972.9782697419014,8552.705227406032,0.09699056367509998,88.3361581343001,-36.370942105184085,36.188192141644386,-32.0006580412989,26.684824084476556,-19.7563179035297,9.42908411252094,-9.348739392031005,10.46325791867452,-5.851180362216483,12.535693710429822,Hip_Hop
twenty one pilots - Car Radio [OFFICIAL VIDEO]-92XVwY54h5k.mp3,64.599609375,190,0.4436180755044266,0.12069471180438995,3224.980351022981,3600.1776076083033,6859.5849099174,0.07115455210147381,119.80126998464824,3.244477500961641,32.44832639710095,-7.352915492491342,23.867309909469384,-13.074758506333033,14.386927279460975,-4.98638832045467,-0.49143202617630116,-3.3711276011112257,-0.17263263294266792,Hip_Hop
Future - F_ck Up Some Commas (Official Music Video)-wKl6umkwKfU.mp3,140.625,406,0.5430706830474287,0.23325179517269135,2416.4883330513203,3008.131923186998,4951.352419856601,0.03235109215750178,140.4164798370364,-3.8055118041593032,34.81460238195283,-16.928615360486734,32.82941171049391,5.639091207395346,6.476775495904645,6.548506060872356,5.739432171059812,2.7257887981916453,2.8071792665641597,Hip_Hop
"Mike WiLL Made-It - 23 ft. Miley Cyrus, Wiz Khalifa, Juicy J (Official Music Video)-bbEoRnaOIbs.mp3",140.625,415,0.6253254790070405,0.11738454550504684,2564.8807494393213,3212.641548977117,5717.615345016591,0.03548233021376511,123.2999155134778,-9.449580935401732,38.50145157454142,-3.1633627885134605,29.538578358754197,-0.09576071358889605,11.179603512114543,4.176122650300298,9.342212506397974,8.471287143497934,7.587148253748604,Hip_Hop
"G-Eazy x Bebe Rexha - Me, Myself & I (Official Music Video)-bSfpSOBD30U.mp3",112.5,318,0.4655077909423639,0.11229045689105988,2691.3533080508655,3239.2135338447256,5837.441577536146,0.0482939841990845,145.9825027616633,-17.965509616328735,42.93619853784838,-8.245049288918073,19.903362684578877,-6.710363992826549,8.258069034881817,-2.6277700071325567,0.19634819438748055,4.6998928462719505,-1.9189824520282739,Hip_Hop
MACKLEMORE & RYAN LEWIS - CAN'T HOLD US FEAT. RAY DALTON (OFFICIAL MUSIC VIDEO)-2zNSgSzhBfM.mp3,147.65625,323,0.43514931864097023,0.21617552638053894,2920.795391392357,3428.790476318991,6120.771321866535,0.058940560702076886,127.57264746168721,-19.84613016095522,27.731503492654895,-7.8926278888281,23.331417621759517,-16.115268386025743,6.8346789711790645,-7.882778086243365,5.563878957875669,-3.4169977876107414,7.052462014451039,Hip_Hop
Nicki Minaj - Super Bass-4JipHEz53sU.mp3,126.04801829268293,376,0.45837085226085245,0.1253366619348526,2985.8332148579884,3652.3950613479706,6570.478324772034,0.049357820713606164,127.43348588919702,-20.864865453927912,33.12738527694103,-11.10129099452578,16.733088238614627,-13.18007057045618,24.263872114924876,-5.73014041594267,6.972993269765443,4.2422811907438955,5.137314114139899,Hip_Hop
Yo Gotti - Law (Official Music Video) ft. E-40-i6wkPVjciD4.mp3,144.23076923076923,431,0.4622256569408982,0.15639477968215942,3605.2149774944,3794.828002110814,7708.7209646835745,0.0691053956061863,114.43639342979,-22.62861399612385,39.392192800392884,-17.525763007543265,23.02668635200404,-5.663249961355405,12.996077832799918,-0.7055064919587757,9.106825591202611,1.3027760976319762,5.149549461435548,Hip_Hop
Yo Gotti - Down In the DM (Official Music Video)-YXSpXO4N-tI.mp3,102.27272727272727,306,0.515451086863439,0.2287348359823227,3123.1961533633416,3568.68679671288,6740.08947617919,0.052104927346897964,121.76239951972684,-10.673278154439425,30.884091013734018,-18.374432716451864,28.984761911193385,-0.7543738118340285,7.040211411459804,-6.1392420212712775,1.6985353140491288,-5.322852082218374,1.1440926092803132,Hip_Hop
Little Mix - Salute (Official Music Video)-Kjpa0SMOug0.mp3,165.44117647058823,438,0.48534331273261,0.2359386831521988,3456.992648315239,3671.5723560759507,7357.652879829344,0.06433953219438848,119.38108113109402,-20.956564121739905,37.53060919001021,-15.351822704699968,23.837112585331585,-17.153298960107445,15.952415541717588,-4.146316323767075,2.0250073204138155,-0.01822525785816134,3.8030086852581393,Hip_Hop
Jason Derulo - 'Get Ugly' (Official Music Video)-S2lgnitdPdc.mp3,110.29411764705883,333,0.48134125611468903,0.2244819849729538,3440.7158118597927,3747.046921929101,7276.697954936004,0.06925544458476535,125.29606162114769,-25.880447707213314,34.40772642806906,-12.815206495513781,27.643063032360473,-10.53434567062043,11.557807832912292,-3.1079768337799107,5.977509271723468,-3.2360621024855645,5.94724326998114,Hip_Hop
Panic! At The Disco - Emperor's New Clothes [OFFICIAL VIDEO]-7qFF2v8VsaA.mp3,93.75,282,0.49051985259067643,0.19895973801612854,3502.010340496437,3536.211892196837,7244.492918938137,0.07993412311677826,132.65848386732287,-47.43573895387085,45.77020275607552,-19.456509517747826,24.905684189388502,-12.240579014991587,12.460790198166942,-7.661853414125023,6.47313003379528,-0.9756589834719988,4.5631528568304605,Hip_Hop
"50 Cent - P.I.M.P. (Snoop Dogg Remix) ft. Snoop Dogg, G-Unit-UDApZhXTpH8.mp3",114.79591836734694,345,0.5144230972691392,0.09080091118812561,3302.0268439190095,3807.9910550664026,6790.798971172078,0.06353376397139429,117.59485409319092,-11.62077221864373,25.864976705340567,-2.4135131707080473,31.03963376492176,-5.139051638588934,11.87347288401601,-6.085030806112487,7.51443154301917,-6.088229729261983,8.208606471247558,Hip_Hop
DJ Snake - Middle ft. Bipolar Sunshine-mOKqNxN4jWM.mp3,105.46875,297,0.4137592029510951,0.30355527997016907,2886.1337038450606,3282.901263802511,6168.621032525881,0.05758604004410152,131.1438644623576,-9.179204739447641,38.08560681809809,-24.328198854747278,21.41962751848893,-6.596557098706609,6.792691598601195,-7.379281713903737,4.258972623210295,-6.557817470590055,6.334606723919298,Hip_Hop
Flo Rida - GDFR ft. Sage The Gemini and Lookas [Official Video]-F8Cg572dafQ.mp3,147.65625,420,0.5276146294143168,0.2975982129573822,2941.5904185498234,3254.3975760066637,6300.448013163941,0.05433026482077206,122.47843340955205,-24.80783533965441,32.78507268201589,-8.998073861772353,31.344595989075202,-9.241256937826355,14.122256828459705,1.9617770815044908,7.993540656561636,-0.21630705795886065,7.817072687267602,Hip_Hop
Kevin Gates - 2 Phones (Official Video)-oiY_iKSpWLM.mp3,122.28260869565217,363,0.5018292070724917,0.254547119140625,2385.186509688068,3105.6442720464993,5539.888376985067,0.03938638126999881,139.12667010305773,5.701526941826198,41.93984124808185,-22.129572444078725,31.320258118902487,0.33798272537155105,4.793721725843284,2.9311208891236533,9.5918249222382,2.083468017966174,-4.34935723515317,Hip_Hop
50 Cent - In Da Club (Int'l Version)-5qm8PH4xAss.mp3,122.28260869565217,377,0.4987191467564362,0.06913329660892487,2887.1885891656107,3229.154266306542,5716.009884599431,0.059671724314485065,132.74119019706905,-12.727107017612724,31.017612749905112,-8.09697878970616,20.628301028353754,-2.1109302576753324,9.607316282744229,0.422921510599729,3.1400173329426493,-2.7382062771889486,3.9505579914303857,Hip_Hop
"YG - My Nigga (Official Music Video) (Explicit) ft. Jeezy, Rich Homie Quan-MSrTnWDTdwI.mp3",85.22727272727273,256,0.4197703590764533,0.09421946108341217,3364.0055169949433,3545.80337698712,7072.918364096942,0.07179453023154184,122.34580051055447,-20.880676750469032,39.37749736622832,-20.803566050352877,20.270836185505047,-12.155407996246517,-3.796190457361427,-5.329940212201555,5.855971302631002,-2.501215503304923,3.6663714341562947,Hip_Hop
Eminem - Like Toy Soldiers-lexLAjh8fPA.mp3,110.29411764705883,330,0.5233684673265299,0.13250526785850525,2512.0923934841635,2849.8356655711614,4850.069532916568,0.055396022828276846,156.47433695590792,-36.74360516257505,41.53807978869509,-0.8280320800907823,27.816276819557455,-6.429128825861067,12.655124353816344,3.1497772101416333,2.9147365936636374,4.975317366576842,1.936826409414236,Hip_Hop
"Dr. Dre - The Next Episode ft. Snoop Dogg, Kurupt, Nate Dogg-QZXc39hT8t4.mp3",95.33898305084746,282,0.48323626967524175,0.046168629080057144,3319.9255075862475,3394.8689172697887,6959.479253081299,0.0802896865370941,135.78459394583402,-18.319399806411212,42.264080151219744,-2.083176109323165,23.566421652657,-8.176185705488622,6.301101086287111,-5.710932646177204,10.149425625473803,-3.924567000398259,0.6925636207453348,Hip_Hop
Nicki Minaj - Anaconda-LDZX4ooRsWs.mp3,130.8139534883721,349,0.496546867054726,0.09836486726999283,3713.878342523582,3486.794297212518,7257.243552233942,0.08971323111408212,108.5815345143479,-42.071246465957685,37.862289048872,-10.515622749940555,18.368052451898624,-7.788793899846139,13.490282840540148,1.1329788014796798,4.476768911696876,5.046722569217137,1.781378112500592,Hip_Hop
O.T. Genasis - Cut It ft. Young Dolph [Music Video]-qMwcsIY1GYE.mp3,130.8139534883721,375,0.4383616728251984,0.23123611509799957,2868.0820142792427,3041.3236154522506,5743.617970786916,0.06095379533064707,133.47085716497745,-31.981205465882912,29.232357229123323,-19.236964703925786,19.17103257947522,-8.725482276301,3.0325224108927866,-5.496799117324816,-1.4425536860814983,-1.8052562448499365,-1.319305969383213,Hip_Hop
Katy Perry - Dark Horse (Official) ft. Juicy J-0KSOMA3QBU0.mp3,130.8139534883721,352,0.5217284660507627,0.13116095960140228,2496.858415813856,3251.0955188828143,5604.323447499408,0.0377374338465128,144.32631722367256,-23.15198907418188,44.042473366636955,-9.051286138015923,36.076608851186144,-3.616390881050743,11.872355606207458,2.7756551876407713,6.68344709544989,9.603822926509183,1.9593582903636084,Hip_Hop
T-Wayne - Nasty Freestyle (Music Video)-hGKK8eGQQEk.mp3,133.92857142857142,320,0.5300769075456718,0.2292831391096115,2525.231580077985,2915.3009701535793,5119.616126687048,0.043353338385933186,106.40925390750466,-19.79058505703382,37.739393049210065,5.241102634869353,18.01093435465969,-3.555453953535688,0.0022742251278603082,10.433021264974096,2.9157889407435107,1.8537731024315525,11.646638215969269,Hip_Hop
Drake - Energy-7LnBvuzjpr4.mp3,114.79591836734694,337,0.4320281276660638,0.085190050303936,2822.4090615490113,3149.4015785483157,5628.294625194821,0.056347486484309435,123.36426001423199,-3.0696605705260347,45.98554746577477,2.5743394697381707,22.102985387722818,-9.083317138023832,0.4938931452455639,-4.7432161115432185,3.3379533595354856,-1.8151610024469056,0.557654629862006,Hip_Hop
"Fat Joe, Remy Ma - All The Way Up ft. French Montana, Infared (Official Music Video)-y2ak_oBeC-I.mp3",117.1875,321,0.4575261367715529,0.19164428114891052,2835.346661255732,3404.4819702882646,6101.659253525717,0.050063034459069095,130.40763027552987,-21.740301585728986,33.94486129642733,-3.7434443104174946,25.018215237026492,-5.908254238121882,10.580127846953646,2.472708011568725,7.089243712284943,-3.3642819266377533,1.652548529521476,Hip_Hop
Wiz Khalifa - We Dem Boyz [Official Video]-UX6K7waag5Q.mp3,130.8139534883721,385,0.4728952733732072,0.11069571226835251,4097.492400900427,4117.100747876163,8713.647524591135,0.08600193483904657,116.25108391863469,-23.531738380733984,43.95387495504634,-27.581276135907796,27.151227359500655,-15.521891385363093,14.72011946469898,-9.016484113448092,12.971627945743226,-4.73342814236438,2.8494536226510756,Hip_Hop
"French Montana - Figure it Out ft. Kanye West, Nas (Official Music Video)-CNUd4kZqjyA.mp3",83.95522388059702,251,0.48938929089015,0.23926874995231628,2737.5254274204503,3297.2326159777035,5844.811974105238,0.048451642680433754,141.34107131412992,-17.718675803403315,39.57521477769968,-8.687468489242034,24.004674483105262,-7.118065997028187,8.900524559442323,-3.1244164555034524,2.960870520374529,2.713551757295427,3.5874990285963935,Hip_Hop
Eminem - When I'm Gone (Official Music Video)-1wYNFfgrXTI.mp3,148.02631578947367,442,0.49246762602280225,0.07803399860858917,3056.499736613018,3315.511951543208,5914.893932211425,0.06834241998622304,116.91594176375825,-5.32289857830516,31.460128819646737,-5.191299065201256,25.5143704782213,-7.41805804998639,2.931256581034663,4.892052728069997,3.7216261517688154,0.49041722225440587,1.016531591403348,Hip_Hop
The Black Eyed Peas - Where Is The Love (Official Music Video)-WpYeekQkAdc.mp3,93.75,280,0.43649236745275555,0.09701135754585266,3791.8913091174813,3946.3738153765034,7990.8209143161885,0.08269865836654124,113.53068978414633,-23.550784280472858,44.886669696985,-9.641588023186378,23.877631499972978,-14.342553433954752,7.770148128110922,-5.458633777698449,3.579025694360176,-5.723487624574467,0.9728849581317635,Hip_Hop
Jason Derulo - 'Wiggle' feat. Snoop Dogg (Official Music Video)-hiP14ED28CA.mp3,82.72058823529412,241,0.44515290330333157,0.20939551293849945,3769.603900043253,3925.6218381334565,7977.743911471913,0.07497032583254326,104.34604264973657,-22.857109483280354,36.994739943281076,-13.9193415934667,24.943539729493274,-9.14957790089516,7.389695695567127,-0.4665130524255384,9.327960730654524,-2.974661909216739,-0.5644808296217881,Hip_Hop
Kid Ink - Promise (Official Music Video) ft. Fetty Wap-DE1NciB_gEU.mp3,68.59756097560975,202,0.5069154150031155,0.1914478838443756,2801.041995092233,3398.373611419646,6083.575602927234,0.0432163626414731,125.86146134513771,-9.45301183340516,41.82891379376293,-7.352158969447395,20.4745664128494,-4.255268093205622,5.716182430099301,2.7215538668154204,2.863946597691132,-1.2267912255774545,4.755512563979446,Hip_Hop
Trey Songz - Na Na [Official Music Video]-v0Gu_Yh_keE.mp3,96.98275862068965,283,0.4807257121453164,0.09521885216236115,2216.0533337901866,2869.7683608293614,4866.197743837402,0.03722166579943411,141.2333509878858,6.993144184244088,28.45361178701572,1.9740994784767392,18.397451466330168,-5.329872620173714,0.7976807942596698,-0.6953011039774661,-1.0858176581611443,-2.4130981100507567,5.832538089599833,Hip_Hop
Fetty Wap - Wake Up [Official Video]-LbARTyio_0Q.mp3,119.68085106382979,342,0.4876354072127513,0.24182917177677155,2937.66872492761,3493.677208224742,6565.3123333432095,0.04467706890517599,131.65387432587715,-14.061342970752754,49.050162333668595,-17.40802065392055,20.294248693109218,-12.241754988002594,4.557707905118942,0.6474367558976851,-1.0896129351947454,-3.595671303503658,5.496299097210646,Hip_Hop
iHeart Memphis - Hit The Quan (Prod. by Buck Nasty-QZCN_zaypd4.mp3,160.71428571428572,478,0.581948402955495,0.2997930347919464,2903.5958256057393,3370.8745824069865,6153.536734860157,0.04202601072714209,109.4159095187197,-21.727120523862663,35.91828109192644,-15.05551788826404,29.735768848433885,3.221961416822251,17.151106976737616,11.08646534387066,12.04708734823032,12.697162280388095,11.95055394018755,Hip_Hop
Eminem - Without Me-YVkUvmDQ3HY.mp3,112.5,335,0.5511764133741996,0.13152459263801575,3594.6904584942226,4009.0496305780503,7372.397839387296,0.05794604532694359,113.56189452567995,-9.372969351675096,46.89378074841225,0.8368318293789742,35.779103626299126,-12.177943837597631,18.294521483200544,1.7179950739915566,11.856093459475119,-4.277432104415712,18.0260436764931,Hip_Hop
La Materialista - La Chapa Que Vibran-jcAqAJgeYwM.mp3,127.8409090909091,381,0.4988538407305936,0.13742876052856445,3787.799562629512,4194.812935161797,8520.906168523346,0.060079396915367976,113.33528137039708,-23.059112896791607,42.29121798006082,-11.487112126337,32.11310755304045,-11.969169077998641,27.408466878518734,-5.961657296983587,10.415952395081089,1.19559273897929,1.2200840657179017,Hip_Hop
Young Thug 'Best Friend'-Tz6OUIjtM6E.mp3,127.8409090909091,380,0.49270363588620825,0.2806144058704376,2409.0732146803825,2959.098555922115,5065.624814825788,0.03822134614245082,141.2968049090159,-11.741720390778534,43.71308819972856,-10.164392625189263,27.760346789192756,1.427493396263836,-0.2592118969912435,3.883473201178387,10.25802315557617,0.7287443410383524,2.9047677331370005,Hip_Hop
Desiigner- Panda (OFFICIAL SONG) Prod. By - Menace-lsJLLEwUYZM.mp3,144.23076923076923,420,0.49907614498674613,0.12465687841176987,2637.6714898681957,2562.730351575427,5115.6551833965395,0.06451345128622007,131.5486357866743,-40.7478509051932,34.86719314786077,5.114844030450697,14.665885746262994,5.357185071242844,-8.786448124100014,4.134650756491117,-5.743184819563178,2.192913950719406,2.8708386869295843,Hip_Hop
iAmDLOW - Do It Like Me Challenge prod by @NunMajorBeats-7hl0aTooA90.mp3,148.02631578947367,345,0.39604188570425075,0.18767258524894714,3166.3902448902595,3202.8448870319776,6260.494683468183,0.07175887170621037,112.2178084521675,-39.48440851354306,27.062664399912684,-20.14248654226389,10.977668397799118,-13.100924369432779,3.0523882731611223,-1.2701544105594176,3.059486821938847,-0.3308332931939711,1.560527317750072,Hip_Hop
Post Malone - White Iverson-SLsTskih7_I.mp3,130.8139534883721,332,0.47378721116385497,0.14895915985107422,2124.2477922514004,2597.576867421924,4272.096838705855,0.038507150965127995,145.87216710405286,-4.661549682826616,39.57184558117427,-5.351215000062169,22.54162920521206,-6.587516798720933,0.05479981327174064,-0.2245797804787471,-7.4077571712886545,-4.710438292228665,-6.313403770693377,Hip_Hop
Rae Sremmurd - Look Alive-Uk_2Eo0No_k.mp3,119.68085106382979,358,0.573576967807519,0.21310485899448395,2706.4658317522235,3473.06004909621,6036.054807863237,0.03599983426908035,139.99660290925618,4.0138472700691645,32.301005032175176,-14.74370553046106,23.529383260363936,-10.672532060210578,11.750570206135746,-1.3421629733759075,4.516530142415441,-5.454187017798571,4.008940400979731,Hip_Hop
Iggy Azalea - Fancy ft. Charli XCX (Official Music Video)-O-zpOMYRi0w.mp3,95.33898305084746,279,0.5014853631694007,0.24375690519809723,3199.6409662994924,3096.0478618816296,6247.643658153591,0.07510718114852453,124.63233952671743,-40.16513462416653,40.58162151148011,-7.8077039329072955,24.96210372363881,-8.58160534463159,12.339068147330927,2.644443022756338,0.19991830207730804,10.052106663163174,6.452103802239424,Hip_Hop
Bebe Rexha - 'No Broken Hearts' ft. Nicki Minaj (Official Music Video)-XoiEkEuCWog.mp3,123.046875,364,0.3871604677003383,0.29689455032348633,5366.84288436302,4994.403688919692,11447.865498545738,0.11848690635279606,85.23047719588544,-8.459772439573165,19.845371375080354,-19.487386189706925,25.059041222262888,-21.233562818703362,22.706175141273395,-14.300456403210289,14.194408895644811,-5.41518272959685,13.319194559311143,Hip_Hop
Formation - @Beyonce - Choreography by @WilldaBeast_ _ Filmed by @TimMilgram #Formation-K4zwV9YDnxU.mp3,122.28260869565217,364,0.5215784669863034,0.23512783646583557,3508.4607386332937,3777.959783631625,7752.878070188433,0.06406914891154598,121.48320641819527,-27.240516255156198,44.89028420265272,-23.669607418209143,24.712741810199546,-13.849420290675843,15.83884247359167,1.731448265943186,7.852538560611756,9.64270973380989,6.723786244366287,Hip_Hop
MACKLEMORE & RYAN LEWIS - THRIFT SHOP FEAT. WANZ (OFFICIAL VIDEO)-QK8mJJJvaes.mp3,95.33898305084746,284,0.5033782349995389,0.19965781271457672,3546.404199279496,3621.7672248872723,7069.3532975823655,0.06959489206195188,112.97803005682493,-31.057078863293594,35.246324123456795,-14.986082206465506,23.16908706387931,-7.177086028389598,10.3019086811432,-4.7445767226047675,6.184734020211218,-0.5205563460520847,3.8712687642376067,Hip_Hop
French Montana - Lockjaw ft. Kodak Black (Official Video)-pIHR7rUeGTc.mp3,170.45454545454547,508,0.47869600702313214,0.24997742474079132,3268.3773153766792,3721.5543982869663,6974.31726268073,0.05746829586024532,129.0221849963164,-20.362678791709477,34.120926129064614,-16.849932430429575,27.169983740523545,-7.619560490466481,12.775414916884847,-7.9189234214437745,8.64558606778152,-5.381211433115946,3.71880224198093,Hip_Hop
Maluma - Pretextos (Cover Audio) ft. Cosculluela-PCHGWXQiPNw.mp3,86.53846153846153,260,0.4209092648552173,0.23520450294017792,3100.2918597601224,3557.448149067395,6716.897794945485,0.05001694344038872,127.67558207444677,-14.335321641811486,45.193067385068176,-17.97884189995856,21.712791514712904,-9.503901254432018,6.261265279599399,-6.996430040460549,3.4943453966115814,-9.136417296615013,-3.247656975832993,Hip_Hop
Tyga - Hookah (Official Music Video) ft. Young Thug-b-J95fYuVz4.mp3,95.33898305084746,287,0.36118408188865636,0.14579184353351593,2126.3176734146896,2761.794879877194,4289.098608971321,0.03137846460950462,143.00269126163874,-2.8340821978432715,45.16059890736464,-3.938642490140868,25.364617686207126,-6.746151082673125,1.352725849569512,0.23993418248141915,-4.540833780719724,-7.971018128215856,-4.7767741755068895,Hip_Hop
"Ace Hood - Bugatti (Official Music Video) (Explicit) ft. Future, Rick Ross-djE-BLrdDDc.mp3",130.8139534883721,394,0.499202035272408,0.1523885577917099,3331.78652533169,3736.4690823262495,7283.733649117089,0.058153642978564235,127.78478172353813,-6.038495467759252,42.06137951716314,-13.74323749512457,25.879292633127932,-16.48992232149197,12.773223634759939,-5.727408186127617,12.896538520891452,-1.9963084217674145,13.265723834247174,Hip_Hop
A$AP Ferg - New Level ft. Future-Srns7NiO278.mp3,119.68085106382979,348,0.49747417750527756,0.2338872253894806,3186.033784775964,3778.836031080307,7110.16060159398,0.04557600290353164,122.81102667309158,-23.030326739786812,39.77568795229405,-16.77838771451431,20.969098631367057,-5.6300783608176985,9.19968752511661,-2.2891018109393313,6.882541843638739,-6.2452827072756865,5.259998203246681,Hip_Hop
MadeinTYO - ''Uber Everywhere' [Official Video]-BcyFJLrBVhA.mp3,140.625,418,0.5653803168011716,0.21923688054084778,2414.2135122080313,2967.675122027439,4982.51307329936,0.04027576722305345,106.54857255647163,-12.287424109197648,35.467287965642846,-0.9864242130300898,13.135954458641246,0.7404662714606489,6.868311494127868,2.943696663621958,1.799482672750447,9.710582311712823,6.199817654687074,Hip_Hop
Jay-Z & Kanye West - Ni_as In Paris (Explicit)-gG_dA32oH44.mp3,140.625,369,0.45362441335011167,0.1137867122888565,2631.962517721722,2981.8611979507305,5275.6693121889075,0.05599630554300486,146.72405314872213,-42.25575581484925,31.70755054995124,-11.306481458712152,20.26088417985525,-8.42312578891356,5.0475535441133825,1.0764650681626813,3.5779501396512026,-1.790515591126417,3.9948221975293654,Hip_Hop
Eminem - No Love (Explicit Version) ft. Lil Wayne-KV2ssT8lzj8.mp3,86.53846153846153,258,0.5383032969801222,0.13107497990131378,3647.1568967178846,3770.7846415468766,7687.20835061626,0.07727924572062396,130.14597744598774,-27.526894660988447,46.659833170994446,-12.41544141192061,30.069780463998857,-12.017801575722201,13.92064947123223,-2.7294568660140444,10.036810492356253,-1.9524303532167544,6.136829017232346,Hip_Hop
Gym Class Heroes - Stereo Hearts ft. Adam Levine [OFFICIAL VIDEO]-T3E9Wjbq44E.mp3,90.7258064516129,268,0.4239810442837459,0.23442547023296356,3413.4269232975607,3548.53314138894,7066.650679959706,0.07376860306426286,129.43687769759626,-38.39793564307211,42.92188104428004,-19.090948887755662,24.540420348905318,-15.884723007107777,7.595889110049268,-5.875288218130595,6.393936024342931,-0.5166437161527969,3.9765318642259864,Hip_Hop
"Snoop Dogg & Wiz Khalifa - Young, Wild and Free ft. Bruno Mars [Official Video]-Wa5B22KAkEk.mp3",95.33898305084746,274,0.4560292982743769,0.21047770977020264,2425.915320352513,3103.3915237007327,5141.199502992416,0.045480724984815715,138.0366592645036,-1.7087586829812584,43.09278562337127,-4.785416018958829,22.72524959448805,-3.9475586008330663,2.713084849225173,-3.1376890166094458,1.9002697952084666,-3.206310376169981,-2.666901250300703,Hip_Hop
"Eminem - You Don't Know ft. 50 Cent, Cashis, Lloyd Banks-ngH0fkiNo-g.mp3",85.22727272727273,222,0.5387658575298834,0.11468908190727234,3723.344132093809,3855.165194233491,7591.290423530458,0.07362726306033716,109.7795330089983,-12.931921923066536,50.55234993753355,-10.534182036212597,30.722053486281848,-6.25449274952427,15.19894882287626,-2.468819247964602,13.19289945387071,-7.75271265261972,11.037931910039575,Hip_Hop
B.o.B - Airplanes (feat. Hayley Williams of Paramore) [Official Video]-kn6-c223DUU.mp3,93.75,279,0.4842135836936455,0.25313878059387207,2773.905210779748,3183.4686118572854,5523.306026309552,0.057071328643487795,149.63392824051954,-41.81347086532845,37.85285820047808,-6.12005882445512,23.172239878865756,-6.503400693051685,9.750033389997464,-5.098989554870389,7.277108124672762,0.5527889335492855,2.3593150212221126,Hip_Hop
G-Eazy - I Mean It (Official Music Video) ft. Remo-CxnaPa8ohmM.mp3,140.625,407,0.47052119147914845,0.19254766404628754,3139.7360459748434,3686.9763285794097,6775.605427085802,0.056854616948625265,124.97974169655026,-4.18468506959646,38.36535601037177,-16.248830574098204,20.38210108805549,-7.597707592347372,11.190871925387588,3.3006999161485657,16.642387749639447,4.750056305098098,9.638753823621794,Hip_Hop
Flo Rida - Whistle [Official Video]-cSnkWzZ7ZAA.mp3,104.16666666666667,311,0.48223093137524214,0.0961657166481018,3839.916370490163,3885.6985600097505,8165.574447440152,0.0812453880047849,120.01409916941392,-33.32267653601979,45.3184882645116,-17.22337765008818,37.03714487253655,-11.655097825676258,12.319126430702783,-3.1222434133238286,7.780169367272155,-6.111135893461711,2.7959762687812115,Hip_Hop
Maître Gims - Ma beauté (pilule violette) (Audio)-hVGuvZnzMzg.mp3,95.703125,288,0.4281087886419393,0.2618671655654907,3615.8932908052525,4110.85086522423,8204.403166874274,0.06740151986987229,121.99102790973731,-14.144765807854654,29.48661232903785,-7.966554588817522,34.36590271996921,-19.548567911415,14.819601832759739,-4.369319686366433,15.618238944757554,-11.230225291014,8.070837259733686,Hip_Hop
Rae Sremmurd - No Type-wzMrK-aGCug.mp3,125.0,373,0.570997831149395,0.24870719015598297,2613.5538039487137,3295.7078059190576,5494.043871474283,0.03631477509666094,131.31574070037934,-9.983779415156954,27.209136267631365,-6.8763171396355505,32.5419454779037,-3.1171422956640615,18.348605443067694,10.387749257563739,9.626957717599316,7.342766743916508,12.842952965903335,Hip_Hop
Future - Wicked (Purple Reign)-4wrn4Tg6_4g.mp3,79.22535211267606,224,0.6559065984030028,0.3953423798084259,2319.118358656353,3097.4724926092085,4946.08508636973,0.025240290783801488,129.29806560455924,-8.080454315013286,43.59707597958805,-10.15469331122532,31.521702467764037,8.905822107181692,9.372805400463891,7.336429448729497,11.116019517288324,6.575915265116348,8.813777364809233,Hip_Hop
"DJ Snake, Lil Jon - Turn Down for What-HMUDVMiITOU.mp3",99.38401442307692,295,0.5650923520618064,0.26023489236831665,4346.50690383437,4360.886769019363,9213.574842328995,0.08851848716460269,82.99059367190203,-22.71774006549093,23.914584199564384,-12.294073955214241,32.550348037552645,-4.868675050536381,22.11872458644059,-3.6096165472998445,16.68975046770086,-2.919860534289331,11.078161380096347,Hip_Hop
Future - Where Ya At (Official Music Video) ft. Drake-lw3Or6eqIpI.mp3,160.71428571428572,451,0.6013599875922601,0.3642573952674866,2158.89145681405,3156.956413545418,4867.592105652999,0.016440605603001302,139.95728001821473,3.426696430090591,50.45100971081779,-5.1076587194809715,34.82992982276876,-7.122813281351743,6.412709824346009,3.2565262231280854,-1.0950652785715351,2.307070450418019,-0.28113267300213596,Hip_Hop
50 Cent - I'm The Man ft. Chris Brown-ZB7Xjd34pjo.mp3,98.6842105263158,292,0.43533853216700047,0.17486922442913055,2355.0658439525696,2902.2148911468375,4975.750974016355,0.045984369907709176,148.4549731788048,-8.36806374728959,40.58127443751229,-2.277025719255957,23.09119516497057,-13.08104655134677,0.16750816330116833,9.92954233704911,0.5379416795086257,5.603164705655912,6.372033576564627,Hip_Hop
Blackbear - Idfc (Tarro Remix)-gxE4ngu78Ro.mp3,69.83741554054055,201,0.423077709288525,0.26783084869384766,2747.728647795397,3333.445663483966,6269.770420889367,0.05945419453245936,147.39026305722666,13.355144980639322,25.595655910859225,-26.506156464372744,33.137762987145464,-17.622500844568087,3.373961694752111,-8.568272399483195,-3.7984577500838173,-11.03740486906206,2.398464159346908,Hip_Hop
Wiz Khalifa - Black And Yellow [Official Music Video]-UePtoxDhJSw.mp3,165.44117647058823,480,0.5096255940442849,0.2359001338481903,2892.0741182783977,3521.005551480963,6307.320677293197,0.04676791722527554,138.49046950140533,-26.750782329634447,41.82265970309573,-17.847232629668362,24.262587257810576,-6.7237321366866505,11.803716826367948,-5.726729798463501,6.1995866616887,-1.0156201656004222,4.3968123543281985,Hip_Hop
Remember The Name (Official Video) - Fort Minor-VDvr08sCPOc.mp3,112.5,339,0.504140601422767,0.27815526723861694,2865.1861436853974,3168.496815337121,5812.233349134866,0.05891580846135044,144.3120342139192,-35.44807568472687,42.65420599982129,-8.998607677005078,24.90547953422278,-8.083321509803344,5.537226492132648,-3.5009148792582927,3.994365467821461,-2.2696212857802487,-2.605581955573561,Hip_Hop
MC Hammer - U Can't Touch This-otCpCn0l4Wo.mp3,132.51201923076923,364,0.5417958986480683,0.06526128202676773,3178.498304605637,3311.527395238337,6761.18272716416,0.07217945772058823,128.9100175837686,-35.259598465818414,60.03731598829202,-20.47419145065495,27.712910753377148,-14.645168042170368,11.177400757314647,0.9153299574524826,9.250223777420652,4.516648313026337,-2.049344688758675,Hip_Hop
Keys N Krates - Dum Dee Dum (JiKay Remix) [OFFICIAL]-Dg6HQ8RlPGQ.mp3,99.38401442307692,297,0.5585772648066281,0.22793295979499817,3384.8148185025607,3592.411531956428,7174.27884033959,0.06818549724063144,101.81730219764756,-30.79107684232438,33.52905995336193,-25.12783389992366,10.737929654770255,-12.660979358792945,13.489288690759137,-8.97429124023243,2.648264264810073,1.5857321650879685,8.273771573497015,Hip_Hop
Future - Low Life (Official Music Video) ft. The Weeknd-K_9tX4eHztY.mp3,95.33898305084746,274,0.6094955897290243,0.2833295166492462,2204.3031744931804,3092.8983226755545,4916.536427470965,0.030946487893310025,145.25666653832295,15.648150191964644,34.9880527859753,-11.144383654572998,17.71879650164483,-10.708959878225647,15.215131112474209,5.574924143938859,1.7914983304606316,2.2605025299799384,8.85665193414282,Hip_Hop
"Chris Brown - Loyal (Official Music Video) (Explicit) ft. Lil Wayne, Tyga-JXRN_LkCa_o.mp3",200.89285714285714,584,0.5612339054006257,0.18845544755458832,2475.977340555014,3193.413225493262,5354.457698803034,0.03839497589957632,135.3095119380401,-6.601141977187322,39.561642671468995,-9.289029582819543,26.25494232619973,-10.745455056815324,8.69965990395743,6.669357208179386,1.4421961422690772,5.1545412044332455,7.22322528942861,Hip_Hop
Eminem - The Real Slim Shady (Edited)-eJO5HU_7_1w.mp3,104.16666666666667,313,0.5120343606660558,0.07101890444755554,2449.601901501243,2743.16898580176,4644.640039849491,0.05585123312137059,150.8567839725728,-29.52324544141805,43.24109346874901,-1.2851158776365093,23.865628223276264,-12.99742273287699,2.5763148718373468,7.2088934219902905,-3.1728677122675832,5.305618325396823,1.0516765748513026,Hip_Hop
Rihanna - Bitch Better Have My Money (Explicit)-B3eAMGXFw1o.mp3,102.27272727272727,255,0.44059223412613685,0.1184256374835968,2560.0921797495853,3112.9150795378573,5444.1454395295095,0.048690314879488626,118.81023656110122,-10.44610700649039,20.676427663047452,-3.749559909429324,12.273226925217608,-8.167044714687492,9.53276234911511,3.0926284833344333,1.8774798145340759,3.7739309379804644,2.4563666015292442,Hip_Hop
Beyoncé - 7_11-k4YRWT_Aldo.mp3,137.1951219512195,392,0.5135571492366676,0.25894564390182495,3188.1046077076066,3511.2001709913948,6565.40121696492,0.05987127846127637,133.87954827368415,-27.677404788056343,30.517975829471727,-14.917651301490652,24.0889822235313,-13.767018802717944,17.12197998451538,1.8947461058775412,0.40189523564407503,7.496482909600148,4.111254247032998,Hip_Hop
The Black Eyed Peas - My Humps (Official Music Video)-iEe_eraFWWs.mp3,125.0,370,0.5112204405183425,0.10372839123010635,3234.055652672417,3690.697134095742,6904.6949995555815,0.05390403948284546,114.2596942158185,-25.405777833389223,38.29870222716798,-11.315796551913154,26.99679632128503,-8.46476721448139,19.501403359646872,-0.8291062255958975,5.87692983215399,1.7781615019857886,10.025712833158558,Hip_Hop
Dr. Dre - Still D.R.E. ft. Snoop Dogg-_CL6n0FJZpk.mp3,93.75,261,0.40876397761894884,0.08681187778711319,2780.4119277208524,3087.9961809533206,5772.825962165205,0.06668560265873133,150.15613681935366,-28.733914570653265,35.00926243510401,-20.04935496976731,13.745021858979515,-10.877333049868852,1.6396357473823495,1.4179078000324092,6.180729312208896,6.514374925616055,3.1656115592081515,Hip_Hop
King Imprint _ iHeartMemphis - Lean and Dab (Official Dance Video) _ King Imprint is Back!-mWulmBUNnHk.mp3,160.71428571428572,479,0.5236912340053268,0.15958428382873535,3626.184683415467,3771.9264367382625,7985.319851416212,0.07498305655961128,119.70416772703005,-44.36092410545026,40.190718155066754,-16.92406931172304,42.04378487869158,-15.86423468743851,19.46229534152553,0.41942365136832743,6.546876235010943,13.143974103378175,0.5048738230079407,Hip_Hop
"Chris Brown - Look At Me Now (Official Music Video) ft. Lil Wayne, Busta Rhymes-8gyLR4NfMiI.mp3",148.02631578947367,379,0.4903790943563122,0.0894903615117073,2599.063201564673,2848.9228047148495,5108.60837876274,0.06007511476171783,128.88851954042272,-21.338245905447092,35.961722243328204,-2.798096357949471,16.132369642554806,-6.8098833448956775,6.992698439359045,2.110296031476914,4.763278897181679,3.5285766252155875,3.8295360894866564,Hip_Hop
DMX - X Gon' Give It To Ya-fGx6K90TmCI.mp3,95.703125,283,0.5589344046431473,0.1253921240568161,2850.1399790181385,3403.156014544006,6403.151558796319,0.04873830442950206,132.73184858444495,-23.583269997692526,48.912907325749245,-8.774857439303643,31.30460816277816,5.6996336128283,18.067494240879125,-12.882585850210653,10.034462322619529,0.09827656103039428,8.664091108990108,Hip_Hop
BIGBANG - LOSER M_V-1CTced9CMMk.mp3,181.4516129032258,535,0.43541724509631463,0.3081243634223938,2115.577186870527,2712.6036643862362,4296.896757969898,0.04107560408457277,171.26531616063775,-25.950580484861316,36.57065333648014,-8.072359165687747,19.769618707999083,-6.621089435161648,5.142074147745243,-1.5141496681281605,-0.42705849964035153,5.208517669231302,1.8710063738572824,Hip_Hop
Iggy Azalea - Black Widow ft. Rita Ora (Official Music Video)-u3u22OYqFGo.mp3,165.44117647058823,485,0.4445345156636789,0.16439127922058105,2602.9418183911453,3072.7467599008514,5256.039919856601,0.048556873713039225,141.3312847517256,-18.867679990533002,25.2284874906635,-3.940325384264853,11.822085246383505,-8.203551817429455,4.430897832264667,-3.1104792616421792,-4.857917256732407,-1.3620576845485965,-1.4869618994470064,Hip_Hop
The Black Eyed Peas - Pump It (Official Music Video)-ZaI2IlHwmgQ.mp3,100.44642857142857,297,0.5109715960377618,0.128953218460083,3641.7708704376255,3737.049716685839,7659.928022783835,0.07846881643124852,121.21814611220313,-34.01572456303659,49.49896441983503,-16.277116216146847,27.740790374762106,-10.986710869562978,15.605434365253497,-3.574195002797605,9.82252627168093,-1.2115026829382294,4.978275912855474,Hip_Hop
Dae Dae 'Wat U Mean (Family To Feed)' (WSHH Exclusive - Official Music Video)-5-9Wi6hbgZ4.mp3,137.1951219512195,401,0.462177373393434,0.16764262318611145,2785.069655864835,3125.825839982772,5598.280750029628,0.05418706669234416,108.56285102138855,-17.830559111437445,23.099787269910074,-2.079988769480657,15.083046892438386,-6.406510423768317,3.3802735434800404,-3.447038138806781,-2.6463232132499894,0.48231118544154783,-0.39200095133668494,Hip_Hop
Soulja Boy Tell'em - Crank That (Soulja Boy)-8UFIYGkROII.mp3,139.6748310810811,419,0.3311163909217923,0.11863028258085251,3064.9308502638396,3275.5232104691054,6233.022031990737,0.06734442144970652,124.23307031593171,-32.80585654747497,25.40241105129884,-24.228167302763552,9.926841948986514,-18.136468241688128,3.310692561485041,-9.935334136220298,5.138210704277843,-9.926579105631575,4.015230295331966,Hip_Hop
50 Cent - Just A Lil Bit-GllEDACUbNo.mp3,96.98275862068965,286,0.4946211997775185,0.10425592958927155,3324.305520742513,3534.9842078284887,6930.52680211543,0.07283020381199633,110.33445490676263,-15.871510186625436,45.85370257732824,-11.500219558809269,23.399610159249466,-6.09203517065036,12.117129719559049,8.063358789291701,9.203003585915075,-0.9069821033943715,-1.802755052692916,Hip_Hop
Kevin Gates - Really Really (Official Video)-pR0VsbyZxWg.mp3,119.68085106382979,353,0.563057921599581,0.24407514929771423,2683.053235979639,3129.7904014183614,5846.368826291775,0.03990194678278324,140.95612409170926,-26.544012374025254,31.49450376057131,-16.109216050459256,28.605823085099033,-1.2740507592208243,6.733020412332683,-2.886477538840718,6.486038592155176,0.9220369398830517,4.234528300420848,Hip_Hop
2 Chainz - Watch Out (Official Music Video) (Explicit)-cG21b8Kx2DI.mp3,130.8139534883721,386,0.33776686020507746,0.1610836237668991,2810.7952343357683,3044.2160618077105,5386.072492000474,0.061272208174700755,117.58997933281297,-27.72002037734947,-1.1835050170511277,-12.24381700890113,10.938715889700157,-32.5594958488162,-7.890582656490727,-3.156909502064872,-10.255779928242259,-11.276711031372784,-5.87314818355073,Hip_Hop
Drake - Started From The Bottom (Explicit)-RubBzkZzpUA.mp3,170.45454545454547,517,0.46923402848737167,0.07235078513622284,3121.7397796598902,3233.5076005008837,6114.952910197914,0.06723574366889369,116.46990003452407,-14.299793590391348,36.37929941867346,-10.309426947558595,13.96923789893651,-5.983686209647428,-1.3387937540054362,-0.22405653054515717,4.331848640287136,-3.404921343321062,1.0174011355009416,Hip_Hop
Travis Scott - Antidote (Official Music Video)-KnZ8h3MRuYg.mp3,130.8139534883721,389,0.4591746468162761,0.21196897327899933,2939.9043613758404,3516.016603682326,6582.643250770325,0.052865009619800306,133.87604629351662,-7.347543700703278,21.28105874163114,-29.045368465886785,25.92393716362854,-8.8621620088828,8.654104460686867,-4.536003283860525,3.179809431179889,-2.1739895267007716,6.011053498776983,Hip_Hop
Bobby Shmurda - Hot N_gga-vJwKKKd2ZYE.mp3,83.35433467741936,248,0.48671808826050766,0.17071785032749176,2680.936720915909,3091.063217899344,5556.887231596484,0.06284416521542828,138.50332893899665,-21.847889219456782,34.60757158552608,-20.213298849451753,24.655221500229413,-3.9942844326280884,14.514843077734962,-0.5286120834210764,13.333218007959722,5.262691009259518,0.4084299510849686,Hip_Hop
"Big Sean - Blessings ft. Drake, Kanye West (Official Music Video)-M6t47RI4bns.mp3",119.68085106382979,355,0.4823357132604404,0.206605464220047,2027.6583705838036,2397.733974823313,4079.936003792368,0.036119503103519794,137.4214824638309,-16.66129813115894,37.754065951345886,7.608669286976337,14.070597283240623,0.9667432650836676,0.8097665553739464,3.0453757951263754,-1.7732028375039142,0.6748350956503537,0.5578268159891012,Hip_Hop
Bryson Tiller - Don't (Explicit Version)-d7cVLE4SaN0.mp3,96.98275862068965,252,0.4944410801948685,0.14200778305530548,2387.3912238722555,3068.7947487513197,4874.581969216639,0.04127643130407087,126.48573956369395,24.193388427609648,53.66524501801581,9.427810013065908,32.0971710880579,-8.09715165312154,-5.697643797979853,2.3622961770962005,-6.929618614836766,-6.3946944506640255,4.8405744572174285,Hip_Hop
Wiz Khalifa - See You Again ft. Charlie Puth [Official Video] Furious 7 Soundtrack-RgKAFK5djSk.mp3,160.71428571428572,473,0.44053784399992796,0.2226242572069168,1983.029613238183,2689.5531882591636,4012.627492444892,0.03072303469979557,152.06215085209715,-3.526476250600236,39.572590548599514,-7.945838662426192,16.080716548945873,2.194435642691492,4.389578130613663,0.7102262582868585,-0.6311210476124035,3.6115304854495593,-3.3925771871459283,Hip_Hop
Eminem - Mockingbird (Official Music Video)-S9bCLPwzSC0.mp3,170.45454545454547,504,0.5462705272505022,0.13183769583702087,2532.0676239647623,3014.7759704811538,4946.941570129177,0.0426310095975794,144.66582461332555,-11.234126494307912,50.5323474004764,3.3505945519054245,26.907908446515133,-3.3552129343370525,9.351088533089966,6.153491569432363,1.5018637205753613,4.2250755637391535,2.398115154187781,Hip_Hop
Fetty Wap  - Trap Queen (Official Video) Prod. By Tony Fadd-i_kF4zLNKio.mp3,98.6842105263158,295,0.37228745537195673,0.1348283886909485,3973.8350446403156,3641.2018744886223,8012.252977601327,0.0935725799582247,114.13218429094887,-52.46130608154141,37.65890633670372,-41.630032398879244,21.334492564330898,-19.517693403992528,4.010822667249854,-15.686819805994451,2.9907558980920146,-6.129330862727319,-0.054533249311461536,Hip_Hop
Vanilla Ice - Ice Ice Baby-rog8ou-ZepE.mp3,117.1875,333,0.566556983585524,0.05058969557285309,2271.65369002287,2781.730272033421,4674.92435633444,0.0426569339872452,138.86463289395556,1.6142614346187398,55.76436486842488,4.7743610671092425,22.75650274233868,2.715587039483213,6.163292501463045,9.794538002111448,1.6530081773131318,3.485684549776669,-0.886807343072758,Hip_Hop
50 Cent - Candy Shop ft. Olivia-SRcnnId15BA.mp3,98.6842105263158,285,0.5387450341328077,0.08437084406614304,2538.363074992978,3066.7608794479115,5096.0549560026075,0.0482367537942196,136.4147758338221,-12.681567920186199,32.485307312015536,1.0336465608746532,24.54143318764683,-0.4780673994521981,6.919164437209087,0.3907648195238112,5.660243446746611,2.661162865540536,2.00116873907653,Hip_Hop
